"DATE.ADDED.TO.CATALOG"	"PUBMEDID"	"FIRST.AUTHOR"	"DATE"	"JOURNAL"	"LINK"	"STUDY"	"DISEASE.TRAIT"	"INITIAL.SAMPLE.SIZE"	"REPLICATION.SAMPLE.SIZE"	"REGION"	"CHR_ID"	"CHR_POS"	"REPORTED.GENE.S."	"MAPPED_GENE"	"UPSTREAM_GENE_ID"	"DOWNSTREAM_GENE_ID"	"SNP_GENE_IDS"	"UPSTREAM_GENE_DISTANCE"	"DOWNSTREAM_GENE_DISTANCE"	"STRONGEST.SNP.RISK.ALLELE"	"SNPS"	"MERGED"	"SNP_ID_CURRENT"	"CONTEXT"	"INTERGENIC"	"RISK.ALLELE.FREQUENCY"	"P.VALUE"	"PVALUE_MLOG"	"P.VALUE..TEXT."	"OR.or.BETA"	"X95..CI..TEXT."	"PLATFORM..SNPS.PASSING.QC."	"CNV"	"MAPPED_TRAIT"	"MAPPED_TRAIT_URI"	"STUDY.ACCESSION"	"GENOTYPING.TECHNOLOGY"
"2017-06-08"	28165464	"Law PJ"	"2017-02-06"	"Nat Commun"	"www.ncbi.nlm.nih.gov/pubmed/28165464"	"Genome-wide association analysis implicates dysregulation of immunity genes in chronic lymphocytic leukaemia."	"Chronic lymphocytic leukemia"	"4,478 European ancestry cases and 13,213 European ancestry controls."	"1,722 European ancestry cases and 4,385 European ancestry controls."	"1p36.11"	1	23617245	"MDS2"	"MDS2"	NA	NA	"ENSG00000197880"	NA	NA	"rs34676223-C"	"rs34676223"	0	34676223	"intron_variant"	0	0.71	5e-13	12.301029995664	NA	1.19	"[1.14-1.25]"	"Affymetrix, Illumina [> 10000000] (imputed)"	"N"	"chronic lymphocytic leukemia"	"http://www.ebi.ac.uk/efo/EFO_0000095"	"GCST004146"	"Genome-wide genotyping array"
"2017-05-30"	28112199	"Law PJ"	"2017-01-23"	"Sci Rep"	"www.ncbi.nlm.nih.gov/pubmed/28112199"	"Genome-wide association analysis of chronic lymphocytic leukaemia, Hodgkin lymphoma and multiple myeloma identifies pleiotropic risk loci."	"B-cell malignancies (chronic lymphocytic leukemia, Hodgkin lymphoma or multiple myeloma) (pleiotropy)"	"1,842 European ancestry chronic lymphocytic leukemia cases, 1,465 European ancestry Hodgkin lymphoma cases, 3,790 European ancestry multiple myeloma cases, 7,324 European ancestry controls"	NA	"1p35.2"	1	31389925	NA	"FABP3 - SERINC2"	"ENSG00000121769"	"ENSG00000168528"	NA	13075	19640	"rs148297606-C"	"rs148297606"	0	148297606	"regulatory_region_variant"	1	NA	4e-06	5.39794000867204	NA	NA	NA	"Illumina [10806625] (imputed)"	"N"	"Hodgkins lymphoma, multiple myeloma, chronic lymphocytic leukemia"	"http://www.ebi.ac.uk/efo/EFO_0000183, http://www.ebi.ac.uk/efo/EFO_0001378, http://www.ebi.ac.uk/efo/EFO_0000095"	"GCST004099"	"Genome-wide genotyping array"
"2017-06-08"	28165464	"Law PJ"	"2017-02-06"	"Nat Commun"	"www.ncbi.nlm.nih.gov/pubmed/28165464"	"Genome-wide association analysis implicates dysregulation of immunity genes in chronic lymphocytic leukaemia."	"Chronic lymphocytic leukemia"	"4,478 European ancestry cases and 13,213 European ancestry controls."	"1,722 European ancestry cases and 4,385 European ancestry controls."	"1q42.13"	1	228744549	"RHOU"	"RHOU"	NA	NA	"ENSG00000116574"	NA	NA	"rs41271473-G"	"rs41271473"	0	41271473	"3_prime_UTR_variant"	0	0.79	1e-10	10	NA	1.19	"[1.13-1.26]"	"Affymetrix, Illumina [> 10000000] (imputed)"	"N"	"chronic lymphocytic leukemia"	"http://www.ebi.ac.uk/efo/EFO_0000095"	"GCST004146"	"Genome-wide genotyping array"
"2017-05-30"	28112199	"Law PJ"	"2017-01-23"	"Sci Rep"	"www.ncbi.nlm.nih.gov/pubmed/28112199"	"Genome-wide association analysis of chronic lymphocytic leukaemia, Hodgkin lymphoma and multiple myeloma identifies pleiotropic risk loci."	"B-cell malignancies (chronic lymphocytic leukemia, Hodgkin lymphoma or multiple myeloma) (pleiotropy)"	"1,842 European ancestry chronic lymphocytic leukemia cases, 1,465 European ancestry Hodgkin lymphoma cases, 3,790 European ancestry multiple myeloma cases, 7,324 European ancestry controls"	NA	"2p23.3"	2	25406569	"DTNB"	"DTNB"	NA	NA	"ENSG00000138101"	NA	NA	"rs6546149-G"	"rs6546149"	0	6546149	"intron_variant"	0	NA	6e-10	9.22184874961636	NA	NA	NA	"Illumina [10806625] (imputed)"	"N"	"Hodgkins lymphoma, multiple myeloma, chronic lymphocytic leukemia"	"http://www.ebi.ac.uk/efo/EFO_0000183, http://www.ebi.ac.uk/efo/EFO_0001378, http://www.ebi.ac.uk/efo/EFO_0000095"	"GCST004099"	"Genome-wide genotyping array"
"2014-06-19"	24292274	"Speedy HE"	"2013-12-01"	"Nat Genet"	"www.ncbi.nlm.nih.gov/pubmed/24292274"	"A genome-wide association study identifies multiple susceptibility loci for chronic lymphocytic leukemia."	"Chronic lymphocytic leukemia"	"1,739 European ancestry cases, 5,199 European ancestry controls"	"1,144 European ancestry cases, 3,151 European ancestry controls"	"2p22.2"	2	37240121	"PRKD3, QPCT"	"NDUFAF7"	NA	NA	"ENSG00000003509"	NA	NA	"rs2041840-C"	"rs2041840"	0	2041840	"intron_variant"	0	0.62	9e-06	5.04575749056067	NA	1.2	"[NR]"	"Illumina [450000] (imputed)"	"N"	"chronic lymphocytic leukemia"	"http://www.ebi.ac.uk/efo/EFO_0000095"	"GCST002299"	"Genome-wide genotyping array"
"2016-12-15"	26956414	"Berndt SI"	"2016-03-09"	"Nat Commun"	"www.ncbi.nlm.nih.gov/pubmed/26956414"	"Meta-analysis of genome-wide association studies discovers multiple loci for chronic lymphocytic leukemia."	"Chronic lymphocytic leukemia"	"3,100 European ancestry cases, 7,667 European ancestry controls"	"1,958 cases,  5,530 controls"	"2p22.2"	2	37368946	"QPCT"	"QPCT"	NA	NA	"ENSG00000115828"	NA	NA	"rs3770745-T"	"rs3770745"	0	3770745	"intron_variant"	0	0.229	1e-07	7	NA	1.22	"[1.14-1.32]"	"Affymetrix, Illumina [~ 8500000] (imputed)"	"N"	"chronic lymphocytic leukemia"	"http://www.ebi.ac.uk/efo/EFO_0000095"	"GCST003468"	"Genome-wide genotyping array"
"2017-06-08"	28165464	"Law PJ"	"2017-02-06"	"Nat Commun"	"www.ncbi.nlm.nih.gov/pubmed/28165464"	"Genome-wide association analysis implicates dysregulation of immunity genes in chronic lymphocytic leukaemia."	"Chronic lymphocytic leukemia"	"4,478 European ancestry cases and 13,213 European ancestry controls."	"1,722 European ancestry cases and 4,385 European ancestry controls."	"2p22.2"	2	37376658	"QPCT, PRKD3"	"QPCT - RNU6-1116P"	"ENSG00000115828"	"ENSG00000253078"	NA	3336	58852	"rs888096-A"	"rs888096"	0	888096	"intergenic_variant"	1	NA	5e-08	7.30102999566398	NA	1.15	"[1.09-1.21]"	"Affymetrix, Illumina [> 10000000] (imputed)"	"N"	"chronic lymphocytic leukemia"	"http://www.ebi.ac.uk/efo/EFO_0000095"	"GCST004146"	"Genome-wide genotyping array"
"2014-01-07"	23770605	"Berndt SI"	"2013-06-16"	"Nat Genet"	"www.ncbi.nlm.nih.gov/pubmed/23770605"	"Genome-wide association study identifies multiple risk loci for chronic lymphocytic leukemia."	"Chronic lymphocytic leukemia"	"2,179 European ancestry cases, 6,221 European ancestry controls"	"1,709 European ancestry cases, 6,318 European ancestry controls"	"2q13"	2	110858527	"ACOXL, BCL2L11"	"ACOXL"	NA	NA	"ENSG00000153093"	NA	NA	"rs13401811-G"	"rs13401811"	0	13401811	"intron_variant"	0	0.81	2e-18	17.698970004336	NA	1.41	"[1.30-1.52]"	"Illumina [549934]"	"N"	"chronic lymphocytic leukemia"	"http://www.ebi.ac.uk/efo/EFO_0000095"	"GCST002073"	"Genome-wide genotyping array"
"2014-01-07"	23770605	"Berndt SI"	"2013-06-16"	"Nat Genet"	"www.ncbi.nlm.nih.gov/pubmed/23770605"	"Genome-wide association study identifies multiple risk loci for chronic lymphocytic leukemia."	"Chronic lymphocytic leukemia"	"2,179 European ancestry cases, 6,221 European ancestry controls"	"1,709 European ancestry cases, 6,318 European ancestry controls"	"2q13"	2	111039881	"ACOXL"	"ACOXL, MIR4435-2HG"	NA	NA	"ENSG00000153093, ENSG00000172965"	NA	NA	"rs17483466-G"	"rs17483466"	0	17483466	"intron_variant"	0	0.2	4e-17	16.397940008672	NA	1.37	"[NR]"	"Illumina [549934]"	"N"	"chronic lymphocytic leukemia"	"http://www.ebi.ac.uk/efo/EFO_0000095"	"GCST002073"	"Genome-wide genotyping array"
"2017-06-08"	28165464	"Law PJ"	"2017-02-06"	"Nat Commun"	"www.ncbi.nlm.nih.gov/pubmed/28165464"	"Genome-wide association analysis implicates dysregulation of immunity genes in chronic lymphocytic leukaemia."	"Chronic lymphocytic leukemia"	"4,478 European ancestry cases and 13,213 European ancestry controls."	"1,722 European ancestry cases and 4,385 European ancestry controls."	"2q13"	2	111074216	"ACOXL, BCL2L11"	"ACOXL, MIR4435-2HG"	NA	NA	"ENSG00000153093, ENSG00000172965"	NA	NA	"rs58055674-C"	"rs58055674"	0	58055674	"intron_variant"	0	NA	2e-27	26.698970004336	NA	1.41	"[1.32-1.5]"	"Affymetrix, Illumina [> 10000000] (imputed)"	"N"	"chronic lymphocytic leukemia"	"http://www.ebi.ac.uk/efo/EFO_0000095"	"GCST004146"	"Genome-wide genotyping array"
"2017-05-30"	28112199	"Law PJ"	"2017-01-23"	"Sci Rep"	"www.ncbi.nlm.nih.gov/pubmed/28112199"	"Genome-wide association analysis of chronic lymphocytic leukaemia, Hodgkin lymphoma and multiple myeloma identifies pleiotropic risk loci."	"B-cell malignancies (chronic lymphocytic leukemia, Hodgkin lymphoma or multiple myeloma) (pleiotropy)"	"1,842 European ancestry chronic lymphocytic leukemia cases, 1,465 European ancestry Hodgkin lymphoma cases, 3,790 European ancestry multiple myeloma cases, 7,324 European ancestry controls"	NA	"2q13"	2	111098716	"BCL2L11"	"ACOXL, ACOXL-AS1, MIR4435-2HG"	NA	NA	"ENSG00000153093, ENSG00000204581, ENSG00000172965"	NA	NA	"rs12711846-G"	"rs12711846"	0	12711846	"non_coding_transcript_exon_variant"	0	NA	3e-14	13.5228787452803	NA	NA	NA	"Illumina [10806625] (imputed)"	"N"	"Hodgkins lymphoma, multiple myeloma, chronic lymphocytic leukemia"	"http://www.ebi.ac.uk/efo/EFO_0000183, http://www.ebi.ac.uk/efo/EFO_0001378, http://www.ebi.ac.uk/efo/EFO_0000095"	"GCST004099"	"Genome-wide genotyping array"
"2014-06-19"	24292274	"Speedy HE"	"2013-12-01"	"Nat Genet"	"www.ncbi.nlm.nih.gov/pubmed/24292274"	"A genome-wide association study identifies multiple susceptibility loci for chronic lymphocytic leukemia."	"Chronic lymphocytic leukemia"	"1,739 European ancestry cases, 5,199 European ancestry controls"	"1,144 European ancestry cases, 3,151 European ancestry controls"	"2q13"	2	111114320	"ACOXL, BCL2L11"	"ACOXL-AS1, MIR4435-2HG, ACOXL"	NA	NA	"ENSG00000204581, ENSG00000172965, ENSG00000153093"	NA	NA	"rs1439287-A"	"rs1439287"	0	1439287	"intron_variant"	0	0.48	5e-15	14.301029995664	NA	1.37	"[NR]"	"Illumina [450000] (imputed)"	"N"	"chronic lymphocytic leukemia"	"http://www.ebi.ac.uk/efo/EFO_0000095"	"GCST002299"	"Genome-wide genotyping array"
"2016-12-15"	26956414	"Berndt SI"	"2016-03-09"	"Nat Commun"	"www.ncbi.nlm.nih.gov/pubmed/26956414"	"Meta-analysis of genome-wide association studies discovers multiple loci for chronic lymphocytic leukemia."	"Chronic lymphocytic leukemia"	"3,100 European ancestry cases, 7,667 European ancestry controls"	"1,958 cases,  5,530 controls"	"2q13"	2	111150685	"BCL2L11"	"MIR4435-2HG, BCL2L11"	NA	NA	"ENSG00000172965, ENSG00000153094"	NA	NA	"rs9308731-A"	"rs9308731"	0	9308731	"intron_variant"	0	0.537	1e-11	11	NA	1.19	"[1.13-1.26]"	"Affymetrix, Illumina [~ 8500000] (imputed)"	"N"	"chronic lymphocytic leukemia"	"http://www.ebi.ac.uk/efo/EFO_0000095"	"GCST003468"	"Genome-wide genotyping array"
"2016-12-15"	26956414	"Berndt SI"	"2016-03-09"	"Nat Commun"	"www.ncbi.nlm.nih.gov/pubmed/26956414"	"Meta-analysis of genome-wide association studies discovers multiple loci for chronic lymphocytic leukemia."	"Chronic lymphocytic leukemia"	"3,100 European ancestry cases, 7,667 European ancestry controls"	"1,958 cases,  5,530 controls"	"2q33.1"	2	201044792	"FAM126B, CASP8"	"FAM126B"	NA	NA	"ENSG00000155744"	NA	NA	"rs13015798-A"	"rs13015798"	0	13015798	"intron_variant"	0	0.673	3e-08	7.52287874528034	NA	1.2048193	"[1.14-1.3]"	"Affymetrix, Illumina [~ 8500000] (imputed)"	"N"	"chronic lymphocytic leukemia"	"http://www.ebi.ac.uk/efo/EFO_0000095"	"GCST003468"	"Genome-wide genotyping array"
"2017-06-08"	28165464	"Law PJ"	"2017-02-06"	"Nat Commun"	"www.ncbi.nlm.nih.gov/pubmed/28165464"	"Genome-wide association analysis implicates dysregulation of immunity genes in chronic lymphocytic leukaemia."	"Chronic lymphocytic leukemia"	"4,478 European ancestry cases and 13,213 European ancestry controls."	"1,722 European ancestry cases and 4,385 European ancestry controls."	"2q33.1"	2	201159226	"CASP10, CASP8"	"CFLAR"	NA	NA	"ENSG00000003402"	NA	NA	"rs7558911-A"	"rs7558911"	0	7558911	"intron_variant"	0	NA	5e-11	10.301029995664	NA	1.18	"[1.12-1.24]"	"Affymetrix, Illumina [> 10000000] (imputed)"	"N"	"chronic lymphocytic leukemia"	"http://www.ebi.ac.uk/efo/EFO_0000095"	"GCST004146"	"Genome-wide genotyping array"
"2014-01-07"	23770605	"Berndt SI"	"2013-06-16"	"Nat Genet"	"www.ncbi.nlm.nih.gov/pubmed/23770605"	"Genome-wide association study identifies multiple risk loci for chronic lymphocytic leukemia."	"Chronic lymphocytic leukemia"	"2,179 European ancestry cases, 6,221 European ancestry controls"	"1,709 European ancestry cases, 6,318 European ancestry controls"	"2q33.1"	2	201246657	"CASP8, CASP10"	"CASP8"	NA	NA	"ENSG00000064012"	NA	NA	"rs3769825-T"	"rs3769825"	0	3769825	"intron_variant"	0	0.45	3e-09	8.52287874528034	NA	1.19	"[1.12-1.25]"	"Illumina [549934]"	"N"	"chronic lymphocytic leukemia"	"http://www.ebi.ac.uk/efo/EFO_0000095"	"GCST002073"	"Genome-wide genotyping array"
"2016-12-15"	26956414	"Berndt SI"	"2016-03-09"	"Nat Commun"	"www.ncbi.nlm.nih.gov/pubmed/26956414"	"Meta-analysis of genome-wide association studies discovers multiple loci for chronic lymphocytic leukemia."	"Chronic lymphocytic leukemia"	"3,100 European ancestry cases, 7,667 European ancestry controls"	"1,958 cases,  5,530 controls"	"2q37.1"	2	230179539	NA	"SP110"	NA	NA	"ENSG00000135899"	NA	NA	"rs2396718-C"	"rs2396718"	0	2396718	"intron_variant"	0	0.094	2e-07	6.69897000433602	NA	1.27	"[1.16-1.38]"	"Affymetrix, Illumina [~ 8500000] (imputed)"	"N"	"chronic lymphocytic leukemia"	"http://www.ebi.ac.uk/efo/EFO_0000095"	"GCST003468"	"Genome-wide genotyping array"
"2014-01-07"	23770605	"Berndt SI"	"2013-06-16"	"Nat Genet"	"www.ncbi.nlm.nih.gov/pubmed/23770605"	"Genome-wide association study identifies multiple risk loci for chronic lymphocytic leukemia."	"Chronic lymphocytic leukemia"	"2,179 European ancestry cases, 6,221 European ancestry controls"	"1,709 European ancestry cases, 6,318 European ancestry controls"	"2q37.1"	2	230226508	"SP140"	"SP140"	NA	NA	"ENSG00000079263"	NA	NA	"rs13397985-G"	"rs13397985"	0	13397985	"intron_variant"	0	0.18	1e-22	22	NA	1.45	"[NR]"	"Illumina [549934]"	"N"	"chronic lymphocytic leukemia"	"http://www.ebi.ac.uk/efo/EFO_0000095"	"GCST002073"	"Genome-wide genotyping array"
"2017-05-30"	28112199	"Law PJ"	"2017-01-23"	"Sci Rep"	"www.ncbi.nlm.nih.gov/pubmed/28112199"	"Genome-wide association analysis of chronic lymphocytic leukaemia, Hodgkin lymphoma and multiple myeloma identifies pleiotropic risk loci."	"B-cell malignancies (chronic lymphocytic leukemia, Hodgkin lymphoma or multiple myeloma) (pleiotropy)"	"1,842 European ancestry chronic lymphocytic leukemia cases, 1,465 European ancestry Hodgkin lymphoma cases, 3,790 European ancestry multiple myeloma cases, 7,324 European ancestry controls"	NA	"2q37.1"	2	230279864	"SP110"	"SP140"	NA	NA	"ENSG00000079263"	NA	NA	"rs149207840-TCCTCCTG"	"rs149207840"	0	149207840	"intron_variant"	0	NA	1e-07	7	NA	NA	NA	"Illumina [10806625] (imputed)"	"N"	"Hodgkins lymphoma, multiple myeloma, chronic lymphocytic leukemia"	"http://www.ebi.ac.uk/efo/EFO_0000183, http://www.ebi.ac.uk/efo/EFO_0001378, http://www.ebi.ac.uk/efo/EFO_0000095"	"GCST004099"	"Genome-wide genotyping array"
"2017-06-08"	28165464	"Law PJ"	"2017-02-06"	"Nat Commun"	"www.ncbi.nlm.nih.gov/pubmed/28165464"	"Genome-wide association analysis implicates dysregulation of immunity genes in chronic lymphocytic leukaemia."	"Chronic lymphocytic leukemia"	"4,478 European ancestry cases and 13,213 European ancestry controls."	"1,722 European ancestry cases and 4,385 European ancestry controls."	"2q37.1"	2	230289297	"SP110, SP140"	"SP140"	NA	NA	"ENSG00000079263"	NA	NA	"rs34004493-G"	"rs34004493"	0	34004493	"intron_variant"	0	NA	4e-32	31.397940008672	NA	1.39	"[1.31-1.47]"	"Affymetrix, Illumina [> 10000000] (imputed)"	"N"	"chronic lymphocytic leukemia"	"http://www.ebi.ac.uk/efo/EFO_0000095"	"GCST004146"	"Genome-wide genotyping array"
"2016-12-15"	26956414	"Berndt SI"	"2016-03-09"	"Nat Commun"	"www.ncbi.nlm.nih.gov/pubmed/26956414"	"Meta-analysis of genome-wide association studies discovers multiple loci for chronic lymphocytic leukemia."	"Chronic lymphocytic leukemia"	"3,100 European ancestry cases, 7,667 European ancestry controls"	"1,958 cases,  5,530 controls"	"2q37.3"	2	241253433	NA	"HDLBP"	NA	NA	"ENSG00000115677"	NA	NA	"rs7578199-T"	"rs7578199"	0	7578199	"missense_variant"	0	0.745	8e-08	7.09691001300806	NA	1.1764705	"[1.11-1.25]"	"Affymetrix, Illumina [~ 8500000] (imputed)"	"N"	"chronic lymphocytic leukemia"	"http://www.ebi.ac.uk/efo/EFO_0000095"	"GCST003468"	"Genome-wide genotyping array"
"2017-06-08"	28165464	"Law PJ"	"2017-02-06"	"Nat Commun"	"www.ncbi.nlm.nih.gov/pubmed/28165464"	"Genome-wide association analysis implicates dysregulation of immunity genes in chronic lymphocytic leukaemia."	"Chronic lymphocytic leukemia"	"4,478 European ancestry cases and 13,213 European ancestry controls."	"1,722 European ancestry cases and 4,385 European ancestry controls."	"2q37.3"	2	241355498	"FARP2"	"SEPT2 - FARP2"	"ENSG00000168385"	"ENSG00000006607"	NA	1471	787	"rs3755397-G"	"rs3755397"	0	3755397	"regulatory_region_variant"	1	NA	9e-12	11.0457574905607	NA	1.32	"[1.22-1.43]"	"Affymetrix, Illumina [> 10000000] (imputed)"	"N"	"chronic lymphocytic leukemia"	"http://www.ebi.ac.uk/efo/EFO_0000095"	"GCST004146"	"Genome-wide genotyping array"
"2014-01-07"	23770605	"Berndt SI"	"2013-06-16"	"Nat Genet"	"www.ncbi.nlm.nih.gov/pubmed/23770605"	"Genome-wide association study identifies multiple risk loci for chronic lymphocytic leukemia."	"Chronic lymphocytic leukemia"	"2,179 European ancestry cases, 6,221 European ancestry controls"	"1,709 European ancestry cases, 6,318 European ancestry controls"	"2q37.3"	2	241431686	"FARP2"	"FARP2"	NA	NA	"ENSG00000006607"	NA	NA	"rs757978-A"	"rs757978"	0	757978	"missense_variant"	0	0.11	1e-07	7	NA	1.29	"[NR]"	"Illumina [549934]"	"N"	"chronic lymphocytic leukemia"	"http://www.ebi.ac.uk/efo/EFO_0000095"	"GCST002073"	"Genome-wide genotyping array"
"2016-12-15"	26956414	"Berndt SI"	"2016-03-09"	"Nat Commun"	"www.ncbi.nlm.nih.gov/pubmed/26956414"	"Meta-analysis of genome-wide association studies discovers multiple loci for chronic lymphocytic leukemia."	"Chronic lymphocytic leukemia"	"3,100 European ancestry cases, 7,667 European ancestry controls"	"1,958 cases,  5,530 controls"	"3p24.1"	3	27736288	"EOMES"	"EOMES - LINC01980"	"ENSG00000163508"	"ENSG00000225548"	NA	13577	61275	"rs9880772-T"	"rs9880772"	0	9880772	"intergenic_variant"	1	0.465	3e-11	10.5228787452803	NA	1.19	"[1.13-1.25]"	"Affymetrix, Illumina [~ 8500000] (imputed)"	"N"	"chronic lymphocytic leukemia"	"http://www.ebi.ac.uk/efo/EFO_0000095"	"GCST003468"	"Genome-wide genotyping array"
"2016-12-15"	26956414	"Berndt SI"	"2016-03-09"	"Nat Commun"	"www.ncbi.nlm.nih.gov/pubmed/26956414"	"Meta-analysis of genome-wide association studies discovers multiple loci for chronic lymphocytic leukemia."	"Chronic lymphocytic leukemia"	"3,100 European ancestry cases, 7,667 European ancestry controls"	"1,958 cases,  5,530 controls"	"3p22.2"	3	39149538	"CSRNP1"	"AC092053.3, CSRNP1"	NA	NA	"ENSG00000284669, ENSG00000144655"	NA	NA	"rs1274963-T"	"rs1274963"	0	1274963	"non_coding_transcript_exon_variant"	0	0.208	2e-07	6.69897000433602	NA	1.18	"[1.11-1.25]"	"Affymetrix, Illumina [~ 8500000] (imputed)"	"N"	"chronic lymphocytic leukemia"	"http://www.ebi.ac.uk/efo/EFO_0000095"	"GCST003468"	"Genome-wide genotyping array"
"2017-05-30"	28112199	"Law PJ"	"2017-01-23"	"Sci Rep"	"www.ncbi.nlm.nih.gov/pubmed/28112199"	"Genome-wide association analysis of chronic lymphocytic leukaemia, Hodgkin lymphoma and multiple myeloma identifies pleiotropic risk loci."	"B-cell malignancies (chronic lymphocytic leukemia, Hodgkin lymphoma or multiple myeloma) (pleiotropy)"	"1,842 European ancestry chronic lymphocytic leukemia cases, 1,465 European ancestry Hodgkin lymphoma cases, 3,790 European ancestry multiple myeloma cases, 7,324 European ancestry controls"	NA	"3p22.1"	3	41709497	"ULK4"	"ULK4"	NA	NA	"ENSG00000168038"	NA	NA	"rs6763508-C"	"rs6763508"	0	6763508	"intron_variant"	0	NA	8e-12	11.0969100130081	NA	NA	NA	"Illumina [10806625] (imputed)"	"N"	"Hodgkins lymphoma, multiple myeloma, chronic lymphocytic leukemia"	"http://www.ebi.ac.uk/efo/EFO_0000183, http://www.ebi.ac.uk/efo/EFO_0001378, http://www.ebi.ac.uk/efo/EFO_0000095"	"GCST004099"	"Genome-wide genotyping array"
"2017-05-30"	28112199	"Law PJ"	"2017-01-23"	"Sci Rep"	"www.ncbi.nlm.nih.gov/pubmed/28112199"	"Genome-wide association analysis of chronic lymphocytic leukaemia, Hodgkin lymphoma and multiple myeloma identifies pleiotropic risk loci."	"B-cell malignancies (chronic lymphocytic leukemia, Hodgkin lymphoma or multiple myeloma) (pleiotropy)"	"1,842 European ancestry chronic lymphocytic leukemia cases, 1,465 European ancestry Hodgkin lymphoma cases, 3,790 European ancestry multiple myeloma cases, 7,324 European ancestry controls"	NA	"3q22.3"	3	136870707	"NCK1"	"NCK1"	NA	NA	"ENSG00000158092"	NA	NA	"rs11715604-?"	"rs11715604"	0	11715604	"intron_variant"	0	NA	2e-09	8.69897000433602	NA	NA	NA	"Illumina [10806625] (imputed)"	"N"	"Hodgkins lymphoma, multiple myeloma, chronic lymphocytic leukemia"	"http://www.ebi.ac.uk/efo/EFO_0000183, http://www.ebi.ac.uk/efo/EFO_0001378, http://www.ebi.ac.uk/efo/EFO_0000095"	"GCST004099"	"Genome-wide genotyping array"
"2017-05-30"	28112199	"Law PJ"	"2017-01-23"	"Sci Rep"	"www.ncbi.nlm.nih.gov/pubmed/28112199"	"Genome-wide association analysis of chronic lymphocytic leukaemia, Hodgkin lymphoma and multiple myeloma identifies pleiotropic risk loci."	"B-cell malignancies (chronic lymphocytic leukemia, Hodgkin lymphoma or multiple myeloma) (pleiotropy)"	"1,842 European ancestry chronic lymphocytic leukemia cases, 1,465 European ancestry Hodgkin lymphoma cases, 3,790 European ancestry multiple myeloma cases, 7,324 European ancestry controls"	NA	"3q26.2"	3	169759718	"TERC"	"RNU6-637P - TERC"	"ENSG00000206777"	"ENSG00000270141"	NA	39425	4802	"rs12638862-A"	"rs12638862"	0	12638862	"regulatory_region_variant"	1	NA	2e-11	10.698970004336	NA	NA	NA	"Illumina [10806625] (imputed)"	"N"	"Hodgkins lymphoma, multiple myeloma, chronic lymphocytic leukemia"	"http://www.ebi.ac.uk/efo/EFO_0000183, http://www.ebi.ac.uk/efo/EFO_0001378, http://www.ebi.ac.uk/efo/EFO_0000095"	"GCST004099"	"Genome-wide genotyping array"
"2014-06-19"	24292274	"Speedy HE"	"2013-12-01"	"Nat Genet"	"www.ncbi.nlm.nih.gov/pubmed/24292274"	"A genome-wide association study identifies multiple susceptibility loci for chronic lymphocytic leukemia."	"Chronic lymphocytic leukemia"	"1,739 European ancestry cases, 5,199 European ancestry controls"	"1,144 European ancestry cases, 3,151 European ancestry controls"	"3q26.2"	3	169774313	"MYNN"	"MYNN"	NA	NA	"ENSG00000085274"	NA	NA	"rs10936599-C"	"rs10936599"	0	10936599	"synonymous_variant"	0	NA	2e-09	8.69897000433602	NA	1.26	"[1.17-1.35]"	"Illumina [450000] (imputed)"	"N"	"chronic lymphocytic leukemia"	"http://www.ebi.ac.uk/efo/EFO_0000095"	"GCST002299"	"Genome-wide genotyping array"
"2017-05-30"	28112199	"Law PJ"	"2017-01-23"	"Sci Rep"	"www.ncbi.nlm.nih.gov/pubmed/28112199"	"Genome-wide association analysis of chronic lymphocytic leukaemia, Hodgkin lymphoma and multiple myeloma identifies pleiotropic risk loci."	"B-cell malignancies (chronic lymphocytic leukemia, Hodgkin lymphoma or multiple myeloma) (pleiotropy)"	"1,842 European ancestry chronic lymphocytic leukemia cases, 1,465 European ancestry Hodgkin lymphoma cases, 3,790 European ancestry multiple myeloma cases, 7,324 European ancestry controls"	NA	"3q28"	3	188236626	"LPP"	"LPP"	NA	NA	"ENSG00000145012"	NA	NA	"rs4459895-C"	"rs4459895"	0	4459895	"intron_variant"	0	NA	2e-07	6.69897000433602	NA	NA	NA	"Illumina [10806625] (imputed)"	"N"	"Hodgkins lymphoma, multiple myeloma, chronic lymphocytic leukemia"	"http://www.ebi.ac.uk/efo/EFO_0000183, http://www.ebi.ac.uk/efo/EFO_0001378, http://www.ebi.ac.uk/efo/EFO_0000095"	"GCST004099"	"Genome-wide genotyping array"
"2016-12-15"	26956414	"Berndt SI"	"2016-03-09"	"Nat Commun"	"www.ncbi.nlm.nih.gov/pubmed/26956414"	"Meta-analysis of genome-wide association studies discovers multiple loci for chronic lymphocytic leukemia."	"Chronic lymphocytic leukemia"	"3,100 European ancestry cases, 7,667 European ancestry controls"	"1,958 cases,  5,530 controls"	"3q28"	3	188397894	"LPP"	"LPP"	NA	NA	"ENSG00000145012"	NA	NA	"rs9815073-C"	"rs9815073"	0	9815073	"intron_variant"	0	0.651	4e-08	7.39794000867204	NA	1.18	"[1.11-1.25]"	"Affymetrix, Illumina [~ 8500000] (imputed)"	"N"	"chronic lymphocytic leukemia"	"http://www.ebi.ac.uk/efo/EFO_0000095"	"GCST003468"	"Genome-wide genotyping array"
"2017-06-08"	28165464	"Law PJ"	"2017-02-06"	"Nat Commun"	"www.ncbi.nlm.nih.gov/pubmed/28165464"	"Genome-wide association analysis implicates dysregulation of immunity genes in chronic lymphocytic leukaemia."	"Chronic lymphocytic leukemia"	"4,478 European ancestry cases and 13,213 European ancestry controls."	"1,722 European ancestry cases and 4,385 European ancestry controls."	"3q28"	3	188411006	"LPP"	"LPP"	NA	NA	"ENSG00000145012"	NA	NA	"rs73192661-C"	"rs73192661"	0	73192661	"intron_variant"	0	NA	5e-06	5.30102999566398	NA	1.14	"[1.08-1.2]"	"Affymetrix, Illumina [> 10000000] (imputed)"	"N"	"chronic lymphocytic leukemia"	"http://www.ebi.ac.uk/efo/EFO_0000095"	"GCST004146"	"Genome-wide genotyping array"
"2016-12-15"	26956414	"Berndt SI"	"2016-03-09"	"Nat Commun"	"www.ncbi.nlm.nih.gov/pubmed/26956414"	"Meta-analysis of genome-wide association studies discovers multiple loci for chronic lymphocytic leukemia."	"Chronic lymphocytic leukemia"	"3,100 European ancestry cases, 7,667 European ancestry controls"	"1,958 cases,  5,530 controls"	"4q24"	4	101816093	"BANK1"	"BANK1"	NA	NA	"ENSG00000153064"	NA	NA	"rs10028805-G"	"rs10028805"	0	10028805	"intron_variant"	0	0.624	7e-08	7.15490195998574	NA	1.16	"[1.10-1.22]"	"Affymetrix, Illumina [~ 8500000] (imputed)"	"N"	"chronic lymphocytic leukemia"	"http://www.ebi.ac.uk/efo/EFO_0000095"	"GCST003468"	"Genome-wide genotyping array"
"2017-06-08"	28165464	"Law PJ"	"2017-02-06"	"Nat Commun"	"www.ncbi.nlm.nih.gov/pubmed/28165464"	"Genome-wide association analysis implicates dysregulation of immunity genes in chronic lymphocytic leukaemia."	"Chronic lymphocytic leukemia"	"4,478 European ancestry cases and 13,213 European ancestry controls."	"1,722 European ancestry cases and 4,385 European ancestry controls."	"4q24"	4	101819845	"BANK1"	"BANK1"	NA	NA	"ENSG00000153064"	NA	NA	"rs71597109-C"	"rs71597109"	0	71597109	"intron_variant"	0	0.69	1e-10	10	NA	1.17	"[1.11-1.22]"	"Affymetrix, Illumina [> 10000000] (imputed)"	"N"	"chronic lymphocytic leukemia"	"http://www.ebi.ac.uk/efo/EFO_0000095"	"GCST004146"	"Genome-wide genotyping array"
"2014-01-07"	23770605	"Berndt SI"	"2013-06-16"	"Nat Genet"	"www.ncbi.nlm.nih.gov/pubmed/23770605"	"Genome-wide association study identifies multiple risk loci for chronic lymphocytic leukemia."	"Chronic lymphocytic leukemia"	"2,179 European ancestry cases, 6,221 European ancestry controls"	"1,709 European ancestry cases, 6,318 European ancestry controls"	"4q25"	4	108095668	"LEF1"	"LEF1"	NA	NA	"ENSG00000138795"	NA	NA	"rs898518-A"	"rs898518"	0	898518	"intron_variant"	0	0.59	4e-10	9.39794000867204	NA	1.2	"[1.14-1.27]"	"Illumina [549934]"	"N"	"chronic lymphocytic leukemia"	"http://www.ebi.ac.uk/efo/EFO_0000095"	"GCST002073"	"Genome-wide genotyping array"
"2017-06-08"	28165464	"Law PJ"	"2017-02-06"	"Nat Commun"	"www.ncbi.nlm.nih.gov/pubmed/28165464"	"Genome-wide association analysis implicates dysregulation of immunity genes in chronic lymphocytic leukaemia."	"Chronic lymphocytic leukemia"	"4,478 European ancestry cases and 13,213 European ancestry controls."	"1,722 European ancestry cases and 4,385 European ancestry controls."	"4q25"	4	108104709	"LEF1"	"LEF1"	NA	NA	"ENSG00000138795"	NA	NA	"rs7690934-C"	"rs7690934"	0	7690934	"intron_variant"	0	NA	6e-09	8.22184874961636	NA	1.16	"[1.11-1.22]"	"Affymetrix, Illumina [> 10000000] (imputed)"	"N"	"chronic lymphocytic leukemia"	"http://www.ebi.ac.uk/efo/EFO_0000095"	"GCST004146"	"Genome-wide genotyping array"
"2016-12-15"	26956414	"Berndt SI"	"2016-03-09"	"Nat Commun"	"www.ncbi.nlm.nih.gov/pubmed/26956414"	"Meta-analysis of genome-wide association studies discovers multiple loci for chronic lymphocytic leukemia."	"Chronic lymphocytic leukemia"	"3,100 European ancestry cases, 7,667 European ancestry controls"	"1,958 cases,  5,530 controls"	"4q25"	4	108105258	"LEF1"	"LEF1"	NA	NA	"ENSG00000138795"	NA	NA	"rs2003869-G"	"rs2003869"	0	2003869	"intron_variant"	0	0.567	1e-07	7	NA	1.19	"[1.11-1.26]"	"Affymetrix, Illumina [~ 8500000] (imputed)"	"N"	"chronic lymphocytic leukemia"	"http://www.ebi.ac.uk/efo/EFO_0000095"	"GCST003468"	"Genome-wide genotyping array"
"2014-06-19"	24292274	"Speedy HE"	"2013-12-01"	"Nat Genet"	"www.ncbi.nlm.nih.gov/pubmed/24292274"	"A genome-wide association study identifies multiple susceptibility loci for chronic lymphocytic leukemia."	"Chronic lymphocytic leukemia"	"1,739 European ancestry cases, 5,199 European ancestry controls"	"1,144 European ancestry cases, 3,151 European ancestry controls"	"4q26"	4	113762688	"CAMK2D"	"CAMK2D - AC111193.1"	"ENSG00000145349"	"ENSG00000250229"	NA	761	77362	"rs6858698-C"	"rs6858698"	0	6858698	"regulatory_region_variant"	1	NA	3e-09	8.52287874528034	NA	1.31	"[1.20-1.44]"	"Illumina [450000] (imputed)"	"N"	"chronic lymphocytic leukemia"	"http://www.ebi.ac.uk/efo/EFO_0000095"	"GCST002299"	"Genome-wide genotyping array"
"2017-06-08"	28165464	"Law PJ"	"2017-02-06"	"Nat Commun"	"www.ncbi.nlm.nih.gov/pubmed/28165464"	"Genome-wide association analysis implicates dysregulation of immunity genes in chronic lymphocytic leukaemia."	"Chronic lymphocytic leukemia"	"4,478 European ancestry cases and 13,213 European ancestry controls."	"1,722 European ancestry cases and 4,385 European ancestry controls."	"4q26"	4	113777540	"CAMK2D"	"CAMK2D - AC111193.1"	"ENSG00000145349"	"ENSG00000250229"	NA	15613	62510	"rs1476569-G"	"rs1476569"	0	1476569	"intergenic_variant"	1	NA	6e-10	9.22184874961636	NA	1.18	"[1.12-1.25]"	"Affymetrix, Illumina [> 10000000] (imputed)"	"N"	"chronic lymphocytic leukemia"	"http://www.ebi.ac.uk/efo/EFO_0000095"	"GCST004146"	"Genome-wide genotyping array"
"2017-06-08"	28165464	"Law PJ"	"2017-02-06"	"Nat Commun"	"www.ncbi.nlm.nih.gov/pubmed/28165464"	"Genome-wide association analysis implicates dysregulation of immunity genes in chronic lymphocytic leukaemia."	"Chronic lymphocytic leukemia"	"4,478 European ancestry cases and 13,213 European ancestry controls."	"1,722 European ancestry cases and 4,385 European ancestry controls."	"4q35.1"	4	184333619	"LOC728175, IRF2"	"MYL12BP2 - LINC02363"	"ENSG00000227765"	"ENSG00000180712"	NA	33979	7137	"rs57214277-T"	"rs57214277"	0	57214277	"regulatory_region_variant"	1	0.41	4e-08	7.39794000867204	NA	1.13	"[1.08-1.18]"	"Affymetrix, Illumina [> 10000000] (imputed)"	"N"	"chronic lymphocytic leukemia"	"http://www.ebi.ac.uk/efo/EFO_0000095"	"GCST004146"	"Genome-wide genotyping array"
"2016-12-15"	26956414	"Berndt SI"	"2016-03-09"	"Nat Commun"	"www.ncbi.nlm.nih.gov/pubmed/26956414"	"Meta-analysis of genome-wide association studies discovers multiple loci for chronic lymphocytic leukemia."	"Chronic lymphocytic leukemia"	"3,100 European ancestry cases, 7,667 European ancestry controls"	"1,958 cases,  5,530 controls"	"5p15.33"	5	1284538	"TERT"	"TERT"	NA	NA	"ENSG00000164362"	NA	NA	"rs139996880-A"	"rs139996880"	0	139996880	"intron_variant"	0	0.165	6e-08	7.22184874961636	NA	1.29	"[1.18-1.42]"	"Affymetrix, Illumina [~ 8500000] (imputed)"	"N"	"chronic lymphocytic leukemia"	"http://www.ebi.ac.uk/efo/EFO_0000095"	"GCST003468"	"Genome-wide genotyping array"
"2017-06-08"	28165464	"Law PJ"	"2017-02-06"	"Nat Commun"	"www.ncbi.nlm.nih.gov/pubmed/28165464"	"Genome-wide association analysis implicates dysregulation of immunity genes in chronic lymphocytic leukaemia."	"Chronic lymphocytic leukemia"	"4,478 European ancestry cases and 13,213 European ancestry controls."	"1,722 European ancestry cases and 4,385 European ancestry controls."	"5p15.33"	5	1285859	"TERT"	"TERT"	NA	NA	"ENSG00000164362"	NA	NA	"rs7705526-A"	"rs7705526"	0	7705526	"intron_variant"	0	NA	6e-10	9.22184874961636	NA	1.18	"[1.12-1.25]"	"Affymetrix, Illumina [> 10000000] (imputed)"	"N"	"chronic lymphocytic leukemia"	"http://www.ebi.ac.uk/efo/EFO_0000095"	"GCST004146"	"Genome-wide genotyping array"
"2014-06-19"	24292274	"Speedy HE"	"2013-12-01"	"Nat Genet"	"www.ncbi.nlm.nih.gov/pubmed/24292274"	"A genome-wide association study identifies multiple susceptibility loci for chronic lymphocytic leukemia."	"Chronic lymphocytic leukemia"	"1,739 European ancestry cases, 5,199 European ancestry controls"	"1,144 European ancestry cases, 3,151 European ancestry controls"	"5p15.33"	5	1344343	"CLPTM1L"	"CLPTM1L"	NA	NA	"ENSG00000049656"	NA	NA	"rs31490-A"	"rs31490"	0	31490	"splice_region_variant"	0	NA	2e-07	6.69897000433602	NA	1.18	"[1.11-1.26]"	"Illumina [450000] (imputed)"	"N"	"chronic lymphocytic leukemia"	"http://www.ebi.ac.uk/efo/EFO_0000095"	"GCST002299"	"Genome-wide genotyping array"
"2016-12-15"	26956414	"Berndt SI"	"2016-03-09"	"Nat Commun"	"www.ncbi.nlm.nih.gov/pubmed/26956414"	"Meta-analysis of genome-wide association studies discovers multiple loci for chronic lymphocytic leukemia."	"Chronic lymphocytic leukemia"	"3,100 European ancestry cases, 7,667 European ancestry controls"	"1,958 cases,  5,530 controls"	"5q14.1"	5	78888580	NA	"ARSB"	NA	NA	"ENSG00000113273"	NA	NA	"rs6893857-C"	"rs6893857"	0	6893857	"intron_variant"	0	0.183	2e-06	5.69897000433602	NA	1.17	"[1.10-1.25]"	"Affymetrix, Illumina [~ 8500000] (imputed)"	"N"	"chronic lymphocytic leukemia"	"http://www.ebi.ac.uk/efo/EFO_0000095"	"GCST003468"	"Genome-wide genotyping array"
"2017-05-30"	28112199	"Law PJ"	"2017-01-23"	"Sci Rep"	"www.ncbi.nlm.nih.gov/pubmed/28112199"	"Genome-wide association analysis of chronic lymphocytic leukaemia, Hodgkin lymphoma and multiple myeloma identifies pleiotropic risk loci."	"B-cell malignancies (chronic lymphocytic leukemia, Hodgkin lymphoma or multiple myeloma) (pleiotropy)"	"1,842 European ancestry chronic lymphocytic leukemia cases, 1,465 European ancestry Hodgkin lymphoma cases, 3,790 European ancestry multiple myeloma cases, 7,324 European ancestry controls"	NA	"5q15"	5	95896837	"ELL2"	"ELL2"	NA	NA	"ENSG00000118985"	NA	NA	"rs2546191-A"	"rs2546191"	0	2546191	"intron_variant"	0	NA	4e-07	6.39794000867204	NA	NA	NA	"Illumina [10806625] (imputed)"	"N"	"Hodgkins lymphoma, multiple myeloma, chronic lymphocytic leukemia"	"http://www.ebi.ac.uk/efo/EFO_0000183, http://www.ebi.ac.uk/efo/EFO_0001378, http://www.ebi.ac.uk/efo/EFO_0000095"	"GCST004099"	"Genome-wide genotyping array"
"2016-12-15"	26956414	"Berndt SI"	"2016-03-09"	"Nat Commun"	"www.ncbi.nlm.nih.gov/pubmed/26956414"	"Meta-analysis of genome-wide association studies discovers multiple loci for chronic lymphocytic leukemia."	"Chronic lymphocytic leukemia"	"3,100 European ancestry cases, 7,667 European ancestry controls"	"1,958 cases,  5,530 controls"	"6p25.3"	6	409119	"IRF4"	"IRF4"	NA	NA	"ENSG00000137265"	NA	NA	"rs9391997-G"	"rs9391997"	0	9391997	"3_prime_UTR_variant"	0	0.494	9e-22	21.0457574905607	NA	1.35	"[1.27-1.43]"	"Affymetrix, Illumina [~ 8500000] (imputed)"	"N"	"chronic lymphocytic leukemia"	"http://www.ebi.ac.uk/efo/EFO_0000095"	"GCST003468"	"Genome-wide genotyping array"
"2008-09-03"	18758461	"Di Bernardo MC"	"2008-08-31"	"Nat Genet"	"www.ncbi.nlm.nih.gov/pubmed/18758461"	"A genome-wide association study identifies six susceptibility loci for chronic lymphocytic leukemia."	"Chronic lymphocytic leukemia"	"505 European ancestry cases, 1,438 European ancestry controls"	"1,024 European ancestry cases, 1,677 European ancestry controls"	"6p25.3"	6	411064	"IRF4"	"IRF4"	NA	NA	"ENSG00000137265"	NA	NA	"rs872071-G"	"rs872071"	0	872071	"3_prime_UTR_variant"	0	0.54	2e-20	19.698970004336	NA	1.54	"[1.41- 1.69]"	"Illumina [345665]"	"N"	"chronic lymphocytic leukemia"	"http://www.ebi.ac.uk/efo/EFO_0000095"	"GCST000224"	"Genome-wide genotyping array"
"2017-06-08"	28165464	"Law PJ"	"2017-02-06"	"Nat Commun"	"www.ncbi.nlm.nih.gov/pubmed/28165464"	"Genome-wide association analysis implicates dysregulation of immunity genes in chronic lymphocytic leukaemia."	"Chronic lymphocytic leukemia"	"4,478 European ancestry cases and 13,213 European ancestry controls."	"1,722 European ancestry cases and 4,385 European ancestry controls."	"6p25.3"	6	412802	"IRF4"	"IRF4 - EXOC2"	"ENSG00000137265"	"ENSG00000112685"	NA	1359	72352	"rs9392504-A"	"rs9392504"	0	9392504	"regulatory_region_variant"	1	NA	1e-28	28	NA	1.33	"[1.26-1.4]"	"Affymetrix, Illumina [> 10000000] (imputed)"	"N"	"chronic lymphocytic leukemia"	"http://www.ebi.ac.uk/efo/EFO_0000095"	"GCST004146"	"Genome-wide genotyping array"
"2011-01-12"	21131588	"Slager SL"	"2010-12-03"	"Blood"	"www.ncbi.nlm.nih.gov/pubmed/21131588"	"Genome-wide association study identifies a novel susceptibility locus at 6p21.3 among familial CLL."	"Chronic lymphocytic leukemia"	"407 European ancestry cases, 296 European ancestry controls"	"252 European ancestry cases, 965 European ancestry controls"	"6p25.3"	6	417727	NA	"IRF4 - EXOC2"	"ENSG00000137265"	"ENSG00000112685"	NA	6284	67427	"rs9378805-C"	"rs9378805"	0	9378805	"intergenic_variant"	1	0.49	2e-06	5.69897000433602	NA	1.38	"[1.20-1.58]"	"Affymetrix [827777]"	"N"	"chronic lymphocytic leukemia"	"http://www.ebi.ac.uk/efo/EFO_0000095"	"GCST000906"	"Genome-wide genotyping array"
"2017-05-30"	28112199	"Law PJ"	"2017-01-23"	"Sci Rep"	"www.ncbi.nlm.nih.gov/pubmed/28112199"	"Genome-wide association analysis of chronic lymphocytic leukaemia, Hodgkin lymphoma and multiple myeloma identifies pleiotropic risk loci."	"B-cell malignancies (chronic lymphocytic leukemia, Hodgkin lymphoma or multiple myeloma) (pleiotropy)"	"1,842 European ancestry chronic lymphocytic leukemia cases, 1,465 European ancestry Hodgkin lymphoma cases, 3,790 European ancestry multiple myeloma cases, 7,324 European ancestry controls"	NA	"6p25.3"	6	442357	"IRF4"	"IRF4 - EXOC2"	"ENSG00000137265"	"ENSG00000112685"	NA	30914	42797	"rs9392017-G"	"rs9392017"	0	9392017	"intergenic_variant"	1	NA	6e-09	8.22184874961636	NA	NA	NA	"Illumina [10806625] (imputed)"	"N"	"Hodgkins lymphoma, multiple myeloma, chronic lymphocytic leukemia"	"http://www.ebi.ac.uk/efo/EFO_0000183, http://www.ebi.ac.uk/efo/EFO_0001378, http://www.ebi.ac.uk/efo/EFO_0000095"	"GCST004099"	"Genome-wide genotyping array"
"2016-12-15"	26956414	"Berndt SI"	"2016-03-09"	"Nat Commun"	"www.ncbi.nlm.nih.gov/pubmed/26956414"	"Meta-analysis of genome-wide association studies discovers multiple loci for chronic lymphocytic leukemia."	"Chronic lymphocytic leukemia"	"3,100 European ancestry cases, 7,667 European ancestry controls"	"1,958 cases,  5,530 controls"	"6p25.2"	6	2969044	"SERPINB6"	"SERPINB6"	NA	NA	"ENSG00000124570"	NA	NA	"rs73718779-A"	"rs73718779"	0	73718779	"5_prime_UTR_variant"	0	0.11	2e-08	7.69897000433602	NA	1.26	"[1.16-1.36]"	"Affymetrix, Illumina [~ 8500000] (imputed)"	"N"	"chronic lymphocytic leukemia"	"http://www.ebi.ac.uk/efo/EFO_0000095"	"GCST003468"	"Genome-wide genotyping array"
"2016-12-15"	26956414	"Berndt SI"	"2016-03-09"	"Nat Commun"	"www.ncbi.nlm.nih.gov/pubmed/26956414"	"Meta-analysis of genome-wide association studies discovers multiple loci for chronic lymphocytic leukemia."	"Chronic lymphocytic leukemia"	"3,100 European ancestry cases, 7,667 European ancestry controls"	"1,958 cases,  5,530 controls"	"6p22.1"	6	30072307	NA	"RNF39, RNF39, RNF39, RNF39, RNF39, RNF39, RNF39, RNF39"	NA	NA	"ENSG00000235022, ENSG00000237733, ENSG00000230467, ENSG00000227171, ENSG00000206500, ENSG00000236967, ENSG00000230332, ENSG00000204618"	NA	NA	"rs115819718-A"	"rs115819718"	1	9393989	"intron_variant"	0	0.278	5e-06	5.30102999566398	NA	1.14	"1.08-1.21"	"Affymetrix, Illumina [~ 8500000] (imputed)"	"N"	"chronic lymphocytic leukemia"	"http://www.ebi.ac.uk/efo/EFO_0000095"	"GCST003468"	"Genome-wide genotyping array"
"2014-06-19"	24292274	"Speedy HE"	"2013-12-01"	"Nat Genet"	"www.ncbi.nlm.nih.gov/pubmed/24292274"	"A genome-wide association study identifies multiple susceptibility loci for chronic lymphocytic leukemia."	"Chronic lymphocytic leukemia"	"1,739 European ancestry cases, 5,199 European ancestry controls"	"1,144 European ancestry cases, 3,151 European ancestry controls"	"6p21.32"	6	32289789	"HLA"	"TSBP1-AS1, TSBP1, TSBP1, TSBP1, TSBP1, TSBP1, TSBP1, TSBP1"	NA	NA	"ENSG00000225914, ENSG00000234280, ENSG00000232106, ENSG00000206245, ENSG00000204296, ENSG00000206310, ENSG00000237881, ENSG00000236672"	NA	NA	"rs926070-A"	"rs926070"	0	926070	"intron_variant"	0	NA	4e-08	7.39794000867204	0.66	1.27	"[NR]"	"Illumina [450000] (imputed)"	"N"	"chronic lymphocytic leukemia"	"http://www.ebi.ac.uk/efo/EFO_0000095"	"GCST002299"	"Genome-wide genotyping array"
"2016-12-15"	26956414	"Berndt SI"	"2016-03-09"	"Nat Commun"	"www.ncbi.nlm.nih.gov/pubmed/26956414"	"Meta-analysis of genome-wide association studies discovers multiple loci for chronic lymphocytic leukemia."	"Chronic lymphocytic leukemia"	"3,100 European ancestry cases, 7,667 European ancestry controls"	"1,958 cases,  5,530 controls"	"6p21.32"	6	32600569	"HLA-DQB1, HLA-DRB1, HLA-DRB5"	"HLA-DRB1 - HLA-DQA1"	"ENSG00000196126"	"ENSG00000196735"	NA	10721	27610	"rs9270750-A"	"rs9270750"	0	9270750	"intron_variant"	1	0.543	6e-16	15.2218487496164	NA	1.32	"[1.23-1.41]"	"Affymetrix, Illumina [~ 8500000] (imputed)"	"N"	"chronic lymphocytic leukemia"	"http://www.ebi.ac.uk/efo/EFO_0000095"	"GCST003468"	"Genome-wide genotyping array"
"2011-01-12"	21131588	"Slager SL"	"2010-12-03"	"Blood"	"www.ncbi.nlm.nih.gov/pubmed/21131588"	"Genome-wide association study identifies a novel susceptibility locus at 6p21.3 among familial CLL."	"Chronic lymphocytic leukemia"	"407 European ancestry cases, 296 European ancestry controls"	"252 European ancestry cases, 965 European ancestry controls"	"6p21.32"	6	32610305	"HLA-DRB5"	"HLA-DRB1 - HLA-DQA1"	"ENSG00000196126"	"ENSG00000196735"	NA	20457	17874	"rs674313-T"	"rs674313"	0	674313	"intergenic_variant"	1	0.26	7e-09	8.15490195998574	NA	1.69	"[1.41-2.01]"	"Affymetrix [827777]"	"N"	"chronic lymphocytic leukemia"	"http://www.ebi.ac.uk/efo/EFO_0000095"	"GCST000906"	"Genome-wide genotyping array"
"2017-06-08"	28165464	"Law PJ"	"2017-02-06"	"Nat Commun"	"www.ncbi.nlm.nih.gov/pubmed/28165464"	"Genome-wide association analysis implicates dysregulation of immunity genes in chronic lymphocytic leukaemia."	"Chronic lymphocytic leukemia"	"4,478 European ancestry cases and 13,213 European ancestry controls."	"1,722 European ancestry cases and 4,385 European ancestry controls."	"6p21.32"	6	32610350	"HLA"	"HLA-DRB1 - HLA-DQA1"	"ENSG00000196126"	"ENSG00000196735"	NA	20502	17829	"rs9271176-G"	"rs9271176"	0	9271176	"intergenic_variant"	1	NA	3e-20	19.5228787452803	NA	1.29	"[1.22-1.36]"	"Affymetrix, Illumina [> 10000000] (imputed)"	"N"	"chronic lymphocytic leukemia"	"http://www.ebi.ac.uk/efo/EFO_0000095"	"GCST004146"	"Genome-wide genotyping array"
"2011-01-12"	21131588	"Slager SL"	"2010-12-03"	"Blood"	"www.ncbi.nlm.nih.gov/pubmed/21131588"	"Genome-wide association study identifies a novel susceptibility locus at 6p21.3 among familial CLL."	"Chronic lymphocytic leukemia"	"407 European ancestry cases, 296 European ancestry controls"	"252 European ancestry cases, 965 European ancestry controls"	"6p21.32"	6	32638979	"HLA-DQA1"	"HLA-DQA1, HLA-DQA1, HLA-DQA1, HLA-DQA1, HLA-DQA1, HLA-DQA1"	NA	NA	"ENSG00000232062, ENSG00000206305, ENSG00000236418, ENSG00000228284, ENSG00000225890, ENSG00000196735"	NA	NA	"rs9272535-A"	"rs9272535"	0	9272535	"missense_variant"	0	0.27	9e-08	7.04575749056067	NA	1.61	"[1.35-1.92]"	"Affymetrix [827777]"	"N"	"chronic lymphocytic leukemia"	"http://www.ebi.ac.uk/efo/EFO_0000095"	"GCST000906"	"Genome-wide genotyping array"
"2014-01-07"	23770605	"Berndt SI"	"2013-06-16"	"Nat Genet"	"www.ncbi.nlm.nih.gov/pubmed/23770605"	"Genome-wide association study identifies multiple risk loci for chronic lymphocytic leukemia."	"Chronic lymphocytic leukemia"	"2,179 European ancestry cases, 6,221 European ancestry controls"	"1,709 European ancestry cases, 6,318 European ancestry controls"	"6p21.32"	6	32658495	"HLA"	"HLA-DQA1 - HLA-DQB1"	"ENSG00000196735"	"ENSG00000231286"	NA	11433	972	"rs9273363-A"	"rs9273363"	0	9273363	"regulatory_region_variant"	1	0.27	2e-10	9.69897000433602	NA	1.24	"[NR]"	"Illumina [549934]"	"N"	"chronic lymphocytic leukemia"	"http://www.ebi.ac.uk/efo/EFO_0000095"	"GCST002073"	"Genome-wide genotyping array"
"2014-06-19"	24292274	"Speedy HE"	"2013-12-01"	"Nat Genet"	"www.ncbi.nlm.nih.gov/pubmed/24292274"	"A genome-wide association study identifies multiple susceptibility loci for chronic lymphocytic leukemia."	"Chronic lymphocytic leukemia"	"1,739 European ancestry cases, 5,199 European ancestry controls"	"1,144 European ancestry cases, 3,151 European ancestry controls"	"6p21.31"	6	33572432	"BAK1"	"GGNBP1"	NA	NA	"ENSG00000204188"	NA	NA	"rs210134-G"	"rs210134"	0	210134	"intron_variant"	0	0.68	3e-06	5.52287874528034	NA	1.31	"[NR]"	"Illumina [450000] (imputed)"	"N"	"chronic lymphocytic leukemia"	"http://www.ebi.ac.uk/efo/EFO_0000095"	"GCST002299"	"Genome-wide genotyping array"
"2012-08-07"	22700719	"Slager SL"	"2012-06-13"	"Blood"	"www.ncbi.nlm.nih.gov/pubmed/22700719"	"Common variation at 6p21.31 (BAK1) influences the risk of chronic lymphocytic leukemia."	"Chronic lymphocytic leukemia"	"1,121 European ancestry cases, 3,745 European ancestry controls"	"861 European ancestry cases, 2,033 European ancestry controls"	"6p21.31"	6	33579060	"BAK1"	"GGNBP1, BAK1"	NA	NA	"ENSG00000204188, ENSG00000030110"	NA	NA	"rs210142-C"	"rs210142"	0	210142	"intron_variant"	0	0.7	9e-16	15.0457574905607	NA	1.4	"[1.25-1.57]"	"Affymetrix, Illumina [~ 1500000] (imputed)"	"N"	"chronic lymphocytic leukemia"	"http://www.ebi.ac.uk/efo/EFO_0000095"	"GCST001570"	"Genome-wide genotyping array"
"2017-06-08"	28165464	"Law PJ"	"2017-02-06"	"Nat Commun"	"www.ncbi.nlm.nih.gov/pubmed/28165464"	"Genome-wide association analysis implicates dysregulation of immunity genes in chronic lymphocytic leukaemia."	"Chronic lymphocytic leukemia"	"4,478 European ancestry cases and 13,213 European ancestry controls."	"1,722 European ancestry cases and 4,385 European ancestry controls."	"6p21.31"	6	33579153	"BAK1"	"GGNBP1, BAK1"	NA	NA	"ENSG00000204188, ENSG00000030110"	NA	NA	"rs210143-C"	"rs210143"	0	210143	"intron_variant"	0	NA	6e-16	15.2218487496164	NA	1.26	"[1.19-1.33]"	"Affymetrix, Illumina [> 10000000] (imputed)"	"N"	"chronic lymphocytic leukemia"	"http://www.ebi.ac.uk/efo/EFO_0000095"	"GCST004146"	"Genome-wide genotyping array"
"2017-06-08"	28165464	"Law PJ"	"2017-02-06"	"Nat Commun"	"www.ncbi.nlm.nih.gov/pubmed/28165464"	"Genome-wide association analysis implicates dysregulation of immunity genes in chronic lymphocytic leukaemia."	"Chronic lymphocytic leukemia"	"4,478 European ancestry cases and 13,213 European ancestry controls."	"1,722 European ancestry cases and 4,385 European ancestry controls."	"6p21.31"	6	34648545	"C6orf106"	"C6orf106"	NA	NA	"ENSG00000196821"	NA	NA	"rs3800461-C"	"rs3800461"	0	3800461	"intron_variant"	0	0.11	2e-08	7.69897000433602	NA	1.2	"[1.13-1.28]"	"Affymetrix, Illumina [> 10000000] (imputed)"	"N"	"chronic lymphocytic leukemia"	"http://www.ebi.ac.uk/efo/EFO_0000095"	"GCST004146"	"Genome-wide genotyping array"
"2017-06-08"	28165464	"Law PJ"	"2017-02-06"	"Nat Commun"	"www.ncbi.nlm.nih.gov/pubmed/28165464"	"Genome-wide association analysis implicates dysregulation of immunity genes in chronic lymphocytic leukaemia."	"Chronic lymphocytic leukemia"	"4,478 European ancestry cases and 13,213 European ancestry controls."	"1,722 European ancestry cases and 4,385 European ancestry controls."	"6q25.2"	6	154150090	"IPCEF1"	"OPRM1"	NA	NA	"ENSG00000112038"	NA	NA	"rs4869818-G"	"rs4869818"	0	4869818	"intron_variant"	0	NA	4e-08	7.39794000867204	NA	1.15	"[1.09-1.21]"	"Affymetrix, Illumina [> 10000000] (imputed)"	"N"	"chronic lymphocytic leukemia"	"http://www.ebi.ac.uk/efo/EFO_0000095"	"GCST004146"	"Genome-wide genotyping array"
"2014-06-19"	24292274	"Speedy HE"	"2013-12-01"	"Nat Genet"	"www.ncbi.nlm.nih.gov/pubmed/24292274"	"A genome-wide association study identifies multiple susceptibility loci for chronic lymphocytic leukemia."	"Chronic lymphocytic leukemia"	"1,739 European ancestry cases, 5,199 European ancestry controls"	"1,144 European ancestry cases, 3,151 European ancestry controls"	"6q25.2"	6	154157305	"IPCEF1"	"IPCEF1, OPRM1"	NA	NA	"ENSG00000074706, ENSG00000112038"	NA	NA	"rs2236256-C"	"rs2236256"	0	2236256	"3_prime_UTR_variant"	0	NA	2e-10	9.69897000433602	NA	1.23	"[1.15-1.30]"	"Illumina [450000] (imputed)"	"N"	"chronic lymphocytic leukemia"	"http://www.ebi.ac.uk/efo/EFO_0000095"	"GCST002299"	"Genome-wide genotyping array"
"2017-06-08"	28165464	"Law PJ"	"2017-02-06"	"Nat Commun"	"www.ncbi.nlm.nih.gov/pubmed/28165464"	"Genome-wide association analysis implicates dysregulation of immunity genes in chronic lymphocytic leukaemia."	"Chronic lymphocytic leukemia"	"4,478 European ancestry cases and 13,213 European ancestry controls."	"1,722 European ancestry cases and 4,385 European ancestry controls."	"7q31.33"	7	124752458	"POT1"	"GPR37"	NA	NA	"ENSG00000170775"	NA	NA	"rs2267708-T"	"rs2267708"	0	2267708	"intron_variant"	0	NA	9e-09	8.04575749056067	NA	1.16	"[1.1-1.22]"	"Affymetrix, Illumina [> 10000000] (imputed)"	"N"	"chronic lymphocytic leukemia"	"http://www.ebi.ac.uk/efo/EFO_0000095"	"GCST004146"	"Genome-wide genotyping array"
"2014-06-19"	24292274	"Speedy HE"	"2013-12-01"	"Nat Genet"	"www.ncbi.nlm.nih.gov/pubmed/24292274"	"A genome-wide association study identifies multiple susceptibility loci for chronic lymphocytic leukemia."	"Chronic lymphocytic leukemia"	"1,739 European ancestry cases, 5,199 European ancestry controls"	"1,144 European ancestry cases, 3,151 European ancestry controls"	"7q31.33"	7	124822607	"POT1"	"POT1"	NA	NA	"ENSG00000128513"	NA	NA	"rs17246404-C"	"rs17246404"	0	17246404	"3_prime_UTR_variant"	0	NA	3e-08	7.52287874528034	NA	1.22	"[1.14-1.31]"	"Illumina [450000] (imputed)"	"N"	"chronic lymphocytic leukemia"	"http://www.ebi.ac.uk/efo/EFO_0000095"	"GCST002299"	"Genome-wide genotyping array"
"2017-06-08"	28165464	"Law PJ"	"2017-02-06"	"Nat Commun"	"www.ncbi.nlm.nih.gov/pubmed/28165464"	"Genome-wide association analysis implicates dysregulation of immunity genes in chronic lymphocytic leukaemia."	"Chronic lymphocytic leukemia"	"4,478 European ancestry cases and 13,213 European ancestry controls."	"1,722 European ancestry cases and 4,385 European ancestry controls."	"8q22.3"	8	102565637	"ODF1"	"ODF1 - POU5F1P2"	"ENSG00000155087"	"ENSG00000253382"	NA	4619	55872	"rs2511713-G"	"rs2511713"	0	2511713	"intergenic_variant"	1	NA	6e-08	7.22184874961636	NA	1.17	"[1.1-1.23]"	"Affymetrix, Illumina [> 10000000] (imputed)"	"N"	"chronic lymphocytic leukemia"	"http://www.ebi.ac.uk/efo/EFO_0000095"	"GCST004146"	"Genome-wide genotyping array"
"2014-01-07"	23770605	"Berndt SI"	"2013-06-16"	"Nat Genet"	"www.ncbi.nlm.nih.gov/pubmed/23770605"	"Genome-wide association study identifies multiple risk loci for chronic lymphocytic leukemia."	"Chronic lymphocytic leukemia"	"2,179 European ancestry cases, 6,221 European ancestry controls"	"1,709 European ancestry cases, 6,318 European ancestry controls"	"8q22.3"	8	102566646	"ODF1, KLF10"	"ODF1 - POU5F1P2"	"ENSG00000155087"	"ENSG00000253382"	NA	5628	54863	"rs2511714-G"	"rs2511714"	0	2511714	"regulatory_region_variant"	1	0.41	5e-08	7.30102999566398	NA	1.19	"[1.12-1.27]"	"Illumina [549934]"	"N"	"chronic lymphocytic leukemia"	"http://www.ebi.ac.uk/efo/EFO_0000095"	"GCST002073"	"Genome-wide genotyping array"
"2014-06-19"	24292274	"Speedy HE"	"2013-12-01"	"Nat Genet"	"www.ncbi.nlm.nih.gov/pubmed/24292274"	"A genome-wide association study identifies multiple susceptibility loci for chronic lymphocytic leukemia."	"Chronic lymphocytic leukemia"	"1,739 European ancestry cases, 5,199 European ancestry controls"	"1,144 European ancestry cases, 3,151 European ancestry controls"	"8q24.21"	8	127175774	"POU5F1B"	"CASC19, PCAT1"	NA	NA	"ENSG00000254166, ENSG00000253438"	NA	NA	"rs2466024-A"	"rs2466024"	0	2466024	"intron_variant"	0	0.41	3e-06	5.52287874528034	NA	1.21	"[NR]"	"Illumina [450000] (imputed)"	"N"	"chronic lymphocytic leukemia"	"http://www.ebi.ac.uk/efo/EFO_0000095"	"GCST002299"	"Genome-wide genotyping array"
"2016-12-15"	26956414	"Berndt SI"	"2016-03-09"	"Nat Commun"	"www.ncbi.nlm.nih.gov/pubmed/26956414"	"Meta-analysis of genome-wide association studies discovers multiple loci for chronic lymphocytic leukemia."	"Chronic lymphocytic leukemia"	"3,100 European ancestry cases, 7,667 European ancestry controls"	"1,958 cases,  5,530 controls"	"8q24.21"	8	127183089	"CASC19"	"PCAT1, CASC19"	NA	NA	"ENSG00000253438, ENSG00000254166"	NA	NA	"rs140099016-C"	"rs140099016"	1	113952129	"intron_variant"	0	0.294	2e-12	11.698970004336	NA	1.28	"[1.19-1.37]"	"Affymetrix, Illumina [~ 8500000] (imputed)"	"N"	"chronic lymphocytic leukemia"	"http://www.ebi.ac.uk/efo/EFO_0000095"	"GCST003468"	"Genome-wide genotyping array"
"2017-06-08"	28165464	"Law PJ"	"2017-02-06"	"Nat Commun"	"www.ncbi.nlm.nih.gov/pubmed/28165464"	"Genome-wide association analysis implicates dysregulation of immunity genes in chronic lymphocytic leukaemia."	"Chronic lymphocytic leukemia"	"4,478 European ancestry cases and 13,213 European ancestry controls."	"1,722 European ancestry cases and 4,385 European ancestry controls."	"8q24.21"	8	127188726	"POU5F1B"	"PCAT1, CASC19"	NA	NA	"ENSG00000253438, ENSG00000254166"	NA	NA	"rs2466029-G"	"rs2466029"	0	2466029	"non_coding_transcript_exon_variant"	0	NA	7e-16	15.1549019599857	NA	1.23	"[1.17-1.3]"	"Affymetrix, Illumina [> 10000000] (imputed)"	"N"	"chronic lymphocytic leukemia"	"http://www.ebi.ac.uk/efo/EFO_0000095"	"GCST004146"	"Genome-wide genotyping array"
"2014-01-07"	23770605	"Berndt SI"	"2013-06-16"	"Nat Genet"	"www.ncbi.nlm.nih.gov/pubmed/23770605"	"Genome-wide association study identifies multiple risk loci for chronic lymphocytic leukemia."	"Chronic lymphocytic leukemia"	"2,179 European ancestry cases, 6,221 European ancestry controls"	"1,709 European ancestry cases, 6,318 European ancestry controls"	"8q24.21"	8	127198984	"MYC"	"CASC19, PCAT1"	NA	NA	"ENSG00000254166, ENSG00000253438"	NA	NA	"rs2466035-C"	"rs2466035"	0	2466035	"intron_variant"	0	0.31	2e-08	7.69897000433602	NA	1.21	"[NR]"	"Illumina [549934]"	"N"	"chronic lymphocytic leukemia"	"http://www.ebi.ac.uk/efo/EFO_0000095"	"GCST002073"	"Genome-wide genotyping array"
"2017-05-30"	28112199	"Law PJ"	"2017-01-23"	"Sci Rep"	"www.ncbi.nlm.nih.gov/pubmed/28112199"	"Genome-wide association analysis of chronic lymphocytic leukaemia, Hodgkin lymphoma and multiple myeloma identifies pleiotropic risk loci."	"B-cell malignancies (chronic lymphocytic leukemia, Hodgkin lymphoma or multiple myeloma) (pleiotropy)"	"1,842 European ancestry chronic lymphocytic leukemia cases, 1,465 European ancestry Hodgkin lymphoma cases, 3,790 European ancestry multiple myeloma cases, 7,324 European ancestry controls"	NA	"8q24.21"	8	128102971	"PVT1"	"PVT1"	NA	NA	"ENSG00000249859"	NA	NA	"rs2720680-G"	"rs2720680"	0	2720680	"intron_variant"	0	NA	7e-08	7.15490195998574	NA	NA	NA	"Illumina [10806625] (imputed)"	"N"	"Hodgkins lymphoma, multiple myeloma, chronic lymphocytic leukemia"	"http://www.ebi.ac.uk/efo/EFO_0000183, http://www.ebi.ac.uk/efo/EFO_0001378, http://www.ebi.ac.uk/efo/EFO_0000095"	"GCST004099"	"Genome-wide genotyping array"
"2014-01-07"	23770605	"Berndt SI"	"2013-06-16"	"Nat Genet"	"www.ncbi.nlm.nih.gov/pubmed/23770605"	"Genome-wide association study identifies multiple risk loci for chronic lymphocytic leukemia."	"Chronic lymphocytic leukemia"	"2,179 European ancestry cases, 6,221 European ancestry controls"	"1,709 European ancestry cases, 6,318 European ancestry controls"	"9p21.3"	9	22206988	"AS1, CDKN2B"	"AL157937.1"	NA	NA	"ENSG00000236921"	NA	NA	"rs1679013-C"	"rs1679013"	0	1679013	"intron_variant"	0	0.52	1e-08	8	NA	1.19	"[1.12-1.27]"	"Illumina [549934]"	"N"	"chronic lymphocytic leukemia"	"http://www.ebi.ac.uk/efo/EFO_0000095"	"GCST002073"	"Genome-wide genotyping array"
"2016-12-15"	26956414	"Berndt SI"	"2016-03-09"	"Nat Commun"	"www.ncbi.nlm.nih.gov/pubmed/26956414"	"Meta-analysis of genome-wide association studies discovers multiple loci for chronic lymphocytic leukemia."	"Chronic lymphocytic leukemia"	"3,100 European ancestry cases, 7,667 European ancestry controls"	"1,958 cases,  5,530 controls"	"9p21.3"	9	22336997	"DMRTA1, CDKN2B-AS1"	"AL157937.1 - DMRTA1"	"ENSG00000236921"	"ENSG00000176399"	NA	122325	109827	"rs1359742-G"	"rs1359742"	0	1359742	"intergenic_variant"	1	0.499	7e-09	8.15490195998574	NA	1.2048193	"[1.12-1.28]"	"Affymetrix, Illumina [~ 8500000] (imputed)"	"N"	"chronic lymphocytic leukemia"	"http://www.ebi.ac.uk/efo/EFO_0000095"	"GCST003468"	"Genome-wide genotyping array"
"2014-06-19"	24292274	"Speedy HE"	"2013-12-01"	"Nat Genet"	"www.ncbi.nlm.nih.gov/pubmed/24292274"	"A genome-wide association study identifies multiple susceptibility loci for chronic lymphocytic leukemia."	"Chronic lymphocytic leukemia"	"1,739 European ancestry cases, 5,199 European ancestry controls"	"1,144 European ancestry cases, 3,151 European ancestry controls"	"10q23.31"	10	88990206	"ACTA, FAS"	"ACTA2, AL157394.2"	NA	NA	"ENSG00000107796, ENSG00000286116"	NA	NA	"rs1800682-A"	"rs1800682"	0	1800682	"non_coding_transcript_exon_variant"	0	0.54	2e-08	7.69897000433602	NA	1.25	"[NR]"	"Illumina [450000] (imputed)"	"N"	"chronic lymphocytic leukemia"	"http://www.ebi.ac.uk/efo/EFO_0000095"	"GCST002299"	"Genome-wide genotyping array"
"2017-06-08"	28165464	"Law PJ"	"2017-02-06"	"Nat Commun"	"www.ncbi.nlm.nih.gov/pubmed/28165464"	"Genome-wide association analysis implicates dysregulation of immunity genes in chronic lymphocytic leukaemia."	"Chronic lymphocytic leukemia"	"4,478 European ancestry cases and 13,213 European ancestry controls."	"1,722 European ancestry cases and 4,385 European ancestry controls."	"10q23.31"	10	88992261	"ACTA, FAS"	"FAS, AL157394.2"	NA	NA	"ENSG00000026103, ENSG00000286116"	NA	NA	"rs6586163-A"	"rs6586163"	0	6586163	"non_coding_transcript_exon_variant"	0	NA	1e-15	15	NA	1.23	"[1.17-1.29]"	"Affymetrix, Illumina [> 10000000] (imputed)"	"N"	"chronic lymphocytic leukemia"	"http://www.ebi.ac.uk/efo/EFO_0000095"	"GCST004146"	"Genome-wide genotyping array"
"2014-01-07"	23770605	"Berndt SI"	"2013-06-16"	"Nat Genet"	"www.ncbi.nlm.nih.gov/pubmed/23770605"	"Genome-wide association study identifies multiple risk loci for chronic lymphocytic leukemia."	"Chronic lymphocytic leukemia"	"2,179 European ancestry cases, 6,221 European ancestry controls"	"1,709 European ancestry cases, 6,318 European ancestry controls"	"10q23.31"	10	88999967	"ACTA2, FAS"	"FAS"	NA	NA	"ENSG00000026103"	NA	NA	"rs4406737-G"	"rs4406737"	0	4406737	"intron_variant"	0	0.57	1e-14	14	NA	1.27	"[1.19-1.33]"	"Illumina [549934]"	"N"	"chronic lymphocytic leukemia"	"http://www.ebi.ac.uk/efo/EFO_0000095"	"GCST002073"	"Genome-wide genotyping array"
"2014-01-07"	23770605	"Berndt SI"	"2013-06-16"	"Nat Genet"	"www.ncbi.nlm.nih.gov/pubmed/23770605"	"Genome-wide association study identifies multiple risk loci for chronic lymphocytic leukemia."	"Chronic lymphocytic leukemia"	"2,179 European ancestry cases, 6,221 European ancestry controls"	"1,709 European ancestry cases, 6,318 European ancestry controls"	"11p15.5"	11	2289922	"TSPAN32"	"ASCL2 - C11orf21"	"ENSG00000183734"	"ENSG00000110665"	NA	18970	5723	"rs7944004-T"	"rs7944004"	0	7944004	"intergenic_variant"	1	0.49	2e-10	9.69897000433602	NA	1.2	"[1.13-1.27]"	"Illumina [549934]"	"N"	"chronic lymphocytic leukemia"	"http://www.ebi.ac.uk/efo/EFO_0000095"	"GCST002073"	"Genome-wide genotyping array"
"2016-12-15"	26956414	"Berndt SI"	"2016-03-09"	"Nat Commun"	"www.ncbi.nlm.nih.gov/pubmed/26956414"	"Meta-analysis of genome-wide association studies discovers multiple loci for chronic lymphocytic leukemia."	"Chronic lymphocytic leukemia"	"3,100 European ancestry cases, 7,667 European ancestry controls"	"1,958 cases,  5,530 controls"	"11p15.5"	11	2299865	"C11orf21"	"C11orf21"	NA	NA	"ENSG00000110665"	NA	NA	"rs2521269-C"	"rs2521269"	0	2521269	"intron_variant"	0	0.458	4e-08	7.39794000867204	NA	1.1904762	"[1.12-1.27]"	"Affymetrix, Illumina [~ 8500000] (imputed)"	"N"	"chronic lymphocytic leukemia"	"http://www.ebi.ac.uk/efo/EFO_0000095"	"GCST003468"	"Genome-wide genotyping array"
"2017-06-08"	28165464	"Law PJ"	"2017-02-06"	"Nat Commun"	"www.ncbi.nlm.nih.gov/pubmed/28165464"	"Genome-wide association analysis implicates dysregulation of immunity genes in chronic lymphocytic leukaemia."	"Chronic lymphocytic leukemia"	"4,478 European ancestry cases and 13,213 European ancestry controls."	"1,722 European ancestry cases and 4,385 European ancestry controls."	"11p15.5"	11	2300420	"C11orf21, TSPAN32"	"C11orf21"	NA	NA	"ENSG00000110665"	NA	NA	"rs2651823-A"	"rs2651823"	0	2651823	"intron_variant"	0	NA	5e-11	10.301029995664	NA	1.18	"[1.13-1.25]"	"Affymetrix, Illumina [> 10000000] (imputed)"	"N"	"chronic lymphocytic leukemia"	"http://www.ebi.ac.uk/efo/EFO_0000095"	"GCST004146"	"Genome-wide genotyping array"
"2014-06-19"	24292274	"Speedy HE"	"2013-12-01"	"Nat Genet"	"www.ncbi.nlm.nih.gov/pubmed/24292274"	"A genome-wide association study identifies multiple susceptibility loci for chronic lymphocytic leukemia."	"Chronic lymphocytic leukemia"	"1,739 European ancestry cases, 5,199 European ancestry controls"	"1,144 European ancestry cases, 3,151 European ancestry controls"	"11p15.5"	11	2301599	"C11orf21, TSPAN32"	"C11orf21"	NA	NA	"ENSG00000110665"	NA	NA	"rs11022157-A"	"rs11022157"	0	11022157	"non_coding_transcript_exon_variant"	0	0.36	3e-06	5.52287874528034	NA	1.22	"[NR]"	"Illumina [450000] (imputed)"	"N"	"chronic lymphocytic leukemia"	"http://www.ebi.ac.uk/efo/EFO_0000095"	"GCST002299"	"Genome-wide genotyping array"
"2017-06-08"	28165464	"Law PJ"	"2017-02-06"	"Nat Commun"	"www.ncbi.nlm.nih.gov/pubmed/28165464"	"Genome-wide association analysis implicates dysregulation of immunity genes in chronic lymphocytic leukaemia."	"Chronic lymphocytic leukemia"	"4,478 European ancestry cases and 13,213 European ancestry controls."	"1,722 European ancestry cases and 4,385 European ancestry controls."	"11q23.2"	11	113646481	"TMPRSS5"	"DRD2 - TMPRSS5"	"ENSG00000149295"	"ENSG00000166682"	NA	170790	41065	"rs61904987-T"	"rs61904987"	0	61904987	"intergenic_variant"	1	0.12	2e-11	10.698970004336	NA	1.24	"[1.16-1.32]"	"Affymetrix, Illumina [> 10000000] (imputed)"	"N"	"chronic lymphocytic leukemia"	"http://www.ebi.ac.uk/efo/EFO_0000095"	"GCST004146"	"Genome-wide genotyping array"
"2017-06-08"	28165464	"Law PJ"	"2017-02-06"	"Nat Commun"	"www.ncbi.nlm.nih.gov/pubmed/28165464"	"Genome-wide association analysis implicates dysregulation of immunity genes in chronic lymphocytic leukaemia."	"Chronic lymphocytic leukemia"	"4,478 European ancestry cases and 13,213 European ancestry controls."	"1,722 European ancestry cases and 4,385 European ancestry controls."	"11q24.1"	11	123484683	"SCN3B, GRAMD1B"	"GRAMD1B"	NA	NA	"ENSG00000023171"	NA	NA	"rs35923643-G"	"rs35923643"	0	35923643	"intron_variant"	0	NA	4e-58	57.397940008672	NA	1.63	"[1.53-1.72]"	"Affymetrix, Illumina [> 10000000] (imputed)"	"N"	"chronic lymphocytic leukemia"	"http://www.ebi.ac.uk/efo/EFO_0000095"	"GCST004146"	"Genome-wide genotyping array"
"2014-01-07"	23770605	"Berndt SI"	"2013-06-16"	"Nat Genet"	"www.ncbi.nlm.nih.gov/pubmed/23770605"	"Genome-wide association study identifies multiple risk loci for chronic lymphocytic leukemia."	"Chronic lymphocytic leukemia"	"2,179 European ancestry cases, 6,221 European ancestry controls"	"1,709 European ancestry cases, 6,318 European ancestry controls"	"11q24.1"	11	123490689	"SCN3B"	"GRAMD1B"	NA	NA	"ENSG00000023171"	NA	NA	"rs735665-A"	"rs735665"	0	735665	"intron_variant"	0	0.19	4e-39	38.397940008672	NA	1.62	"[NR]"	"Illumina [549934]"	"N"	"chronic lymphocytic leukemia"	"http://www.ebi.ac.uk/efo/EFO_0000095"	"GCST002073"	"Genome-wide genotyping array"
"2016-12-15"	26956414	"Berndt SI"	"2016-03-09"	"Nat Commun"	"www.ncbi.nlm.nih.gov/pubmed/26956414"	"Meta-analysis of genome-wide association studies discovers multiple loci for chronic lymphocytic leukemia."	"Chronic lymphocytic leukemia"	"3,100 European ancestry cases, 7,667 European ancestry controls"	"1,958 cases,  5,530 controls"	"11q24.1"	11	123497625	NA	"GRAMD1B"	NA	NA	"ENSG00000023171"	NA	NA	"rs2953196-G"	"rs2953196"	0	2953196	"intron_variant"	0	0.756	5e-16	15.301029995664	NA	1.3	"[1.22-1.38]"	"Affymetrix, Illumina [~ 8500000] (imputed)"	"N"	"chronic lymphocytic leukemia"	"http://www.ebi.ac.uk/efo/EFO_0000095"	"GCST003468"	"Genome-wide genotyping array"
"2017-05-30"	28112199	"Law PJ"	"2017-01-23"	"Sci Rep"	"www.ncbi.nlm.nih.gov/pubmed/28112199"	"Genome-wide association analysis of chronic lymphocytic leukaemia, Hodgkin lymphoma and multiple myeloma identifies pleiotropic risk loci."	"B-cell malignancies (chronic lymphocytic leukemia, Hodgkin lymphoma or multiple myeloma) (pleiotropy)"	"1,842 European ancestry chronic lymphocytic leukemia cases, 1,465 European ancestry Hodgkin lymphoma cases, 3,790 European ancestry multiple myeloma cases, 7,324 European ancestry controls"	NA	"11q24.1"	11	123524538	"GRAMD1B"	"GRAMD1B"	NA	NA	"ENSG00000023171"	NA	NA	"rs4525246-C"	"rs4525246"	0	4525246	"intron_variant"	0	NA	3e-14	13.5228787452803	NA	NA	NA	"Illumina [10806625] (imputed)"	"N"	"Hodgkins lymphoma, multiple myeloma, chronic lymphocytic leukemia"	"http://www.ebi.ac.uk/efo/EFO_0000183, http://www.ebi.ac.uk/efo/EFO_0001378, http://www.ebi.ac.uk/efo/EFO_0000095"	"GCST004099"	"Genome-wide genotyping array"
"2017-05-30"	28112199	"Law PJ"	"2017-01-23"	"Sci Rep"	"www.ncbi.nlm.nih.gov/pubmed/28112199"	"Genome-wide association analysis of chronic lymphocytic leukaemia, Hodgkin lymphoma and multiple myeloma identifies pleiotropic risk loci."	"B-cell malignancies (chronic lymphocytic leukemia, Hodgkin lymphoma or multiple myeloma) (pleiotropy)"	"1,842 European ancestry chronic lymphocytic leukemia cases, 1,465 European ancestry Hodgkin lymphoma cases, 3,790 European ancestry multiple myeloma cases, 7,324 European ancestry controls"	NA	"12q21.1"	12	74276187	NA	"AC090502.3, AC090502.1"	NA	NA	"ENSG00000257183, ENSG00000251138"	NA	NA	"rs181181503-C"	"rs181181503"	0	181181503	"intron_variant"	0	NA	3e-07	6.52287874528034	NA	NA	NA	"Illumina [10806625] (imputed)"	"N"	"Hodgkins lymphoma, multiple myeloma, chronic lymphocytic leukemia"	"http://www.ebi.ac.uk/efo/EFO_0000183, http://www.ebi.ac.uk/efo/EFO_0001378, http://www.ebi.ac.uk/efo/EFO_0000095"	"GCST004099"	"Genome-wide genotyping array"
"2017-06-08"	28165464	"Law PJ"	"2017-02-06"	"Nat Commun"	"www.ncbi.nlm.nih.gov/pubmed/28165464"	"Genome-wide association analysis implicates dysregulation of immunity genes in chronic lymphocytic leukaemia."	"Chronic lymphocytic leukemia"	"4,478 European ancestry cases and 13,213 European ancestry controls."	"1,722 European ancestry cases and 4,385 European ancestry controls."	"12q24.13"	12	112943571	"OAS3"	"OAS3, AC004551.1"	NA	NA	"ENSG00000111331, ENSG00000257452"	NA	NA	"rs6489882-G"	"rs6489882"	0	6489882	"intron_variant"	0	NA	5e-08	7.30102999566398	NA	1.16	"[1.1-1.22]"	"Affymetrix, Illumina [> 10000000] (imputed)"	"N"	"chronic lymphocytic leukemia"	"http://www.ebi.ac.uk/efo/EFO_0000095"	"GCST004146"	"Genome-wide genotyping array"
"2017-05-30"	28112199	"Law PJ"	"2017-01-23"	"Sci Rep"	"www.ncbi.nlm.nih.gov/pubmed/28112199"	"Genome-wide association analysis of chronic lymphocytic leukaemia, Hodgkin lymphoma and multiple myeloma identifies pleiotropic risk loci."	"B-cell malignancies (chronic lymphocytic leukemia, Hodgkin lymphoma or multiple myeloma) (pleiotropy)"	"1,842 European ancestry chronic lymphocytic leukemia cases, 1,465 European ancestry Hodgkin lymphoma cases, 3,790 European ancestry multiple myeloma cases, 7,324 European ancestry controls"	NA	"13q21.2"	13	60686390	NA	"LINC00378"	NA	NA	"ENSG00000225249"	NA	NA	"rs1576377-C"	"rs1576377"	0	1576377	"intron_variant"	0	NA	4e-06	5.39794000867204	NA	NA	NA	"Illumina [10806625] (imputed)"	"N"	"Hodgkins lymphoma, multiple myeloma, chronic lymphocytic leukemia"	"http://www.ebi.ac.uk/efo/EFO_0000183, http://www.ebi.ac.uk/efo/EFO_0001378, http://www.ebi.ac.uk/efo/EFO_0000095"	"GCST004099"	"Genome-wide genotyping array"
"2017-05-30"	28112199	"Law PJ"	"2017-01-23"	"Sci Rep"	"www.ncbi.nlm.nih.gov/pubmed/28112199"	"Genome-wide association analysis of chronic lymphocytic leukaemia, Hodgkin lymphoma and multiple myeloma identifies pleiotropic risk loci."	"B-cell malignancies (chronic lymphocytic leukemia, Hodgkin lymphoma or multiple myeloma) (pleiotropy)"	"1,842 European ancestry chronic lymphocytic leukemia cases, 1,465 European ancestry Hodgkin lymphoma cases, 3,790 European ancestry multiple myeloma cases, 7,324 European ancestry controls"	NA	"15q15.1"	15	40099764	"BMF"	"BMF"	NA	NA	"ENSG00000104081"	NA	NA	"rs35603048-T"	"rs35603048"	0	35603048	"intron_variant"	0	NA	4e-07	6.39794000867204	NA	NA	NA	"Illumina [10806625] (imputed)"	"N"	"Hodgkins lymphoma, multiple myeloma, chronic lymphocytic leukemia"	"http://www.ebi.ac.uk/efo/EFO_0000183, http://www.ebi.ac.uk/efo/EFO_0001378, http://www.ebi.ac.uk/efo/EFO_0000095"	"GCST004099"	"Genome-wide genotyping array"
"2017-06-08"	28165464	"Law PJ"	"2017-02-06"	"Nat Commun"	"www.ncbi.nlm.nih.gov/pubmed/28165464"	"Genome-wide association analysis implicates dysregulation of immunity genes in chronic lymphocytic leukaemia."	"Chronic lymphocytic leukemia"	"4,478 European ancestry cases and 13,213 European ancestry controls."	"1,722 European ancestry cases and 4,385 European ancestry controls."	"15q15.1"	15	40111456	"BMF, BUB1B"	"BMF - AC021755.1"	"ENSG00000104081"	"ENSG00000259239"	NA	2564	22312	"rs8024033-C"	"rs8024033"	0	8024033	"intergenic_variant"	1	NA	7e-19	18.1549019599857	NA	1.26	"[1.2-1.32]"	"Affymetrix, Illumina [> 10000000] (imputed)"	"N"	"chronic lymphocytic leukemia"	"http://www.ebi.ac.uk/efo/EFO_0000095"	"GCST004146"	"Genome-wide genotyping array"
"2014-06-19"	24292274	"Speedy HE"	"2013-12-01"	"Nat Genet"	"www.ncbi.nlm.nih.gov/pubmed/24292274"	"A genome-wide association study identifies multiple susceptibility loci for chronic lymphocytic leukemia."	"Chronic lymphocytic leukemia"	"1,739 European ancestry cases, 5,199 European ancestry controls"	"1,144 European ancestry cases, 3,151 European ancestry controls"	"15q15.1"	15	40121915	"BUB1B, BMF"	"BMF - AC021755.1"	"ENSG00000104081"	"ENSG00000259239"	NA	13023	11853	"rs8023845-G"	"rs8023845"	0	8023845	"intergenic_variant"	1	0.78	2e-06	5.69897000433602	NA	1.27	"[NR]"	"Illumina [450000] (imputed)"	"N"	"chronic lymphocytic leukemia"	"http://www.ebi.ac.uk/efo/EFO_0000095"	"GCST002299"	"Genome-wide genotyping array"
"2014-06-19"	24292274	"Speedy HE"	"2013-12-01"	"Nat Genet"	"www.ncbi.nlm.nih.gov/pubmed/24292274"	"A genome-wide association study identifies multiple susceptibility loci for chronic lymphocytic leukemia."	"Chronic lymphocytic leukemia"	"1,739 European ancestry cases, 5,199 European ancestry controls"	"1,144 European ancestry cases, 3,151 European ancestry controls"	"15q21.3"	15	56090097	"NEDD4, RFX7"	"RFX7"	NA	NA	"ENSG00000181827"	NA	NA	"rs16976734-G"	"rs16976734"	0	16976734	"3_prime_UTR_variant"	0	0.11	4e-07	6.39794000867204	NA	1.36	"[NR]"	"Illumina [450000] (imputed)"	"N"	"chronic lymphocytic leukemia"	"http://www.ebi.ac.uk/efo/EFO_0000095"	"GCST002299"	"Genome-wide genotyping array"
"2014-01-07"	23770605	"Berndt SI"	"2013-06-16"	"Nat Genet"	"www.ncbi.nlm.nih.gov/pubmed/23770605"	"Genome-wide association study identifies multiple risk loci for chronic lymphocytic leukemia."	"Chronic lymphocytic leukemia"	"2,179 European ancestry cases, 6,221 European ancestry controls"	"1,709 European ancestry cases, 6,318 European ancestry controls"	"15q21.3"	15	56483399	"MNS1, RFXDC2"	"MNS1 - AC090518.1"	"ENSG00000138587"	"ENSG00000260392"	NA	18262	59553	"rs11636802-G"	"rs11636802"	0	11636802	"intergenic_variant"	1	0.11	2e-13	12.698970004336	NA	1.41	"[NR]"	"Illumina [549934]"	"N"	"chronic lymphocytic leukemia"	"http://www.ebi.ac.uk/efo/EFO_0000095"	"GCST002073"	"Genome-wide genotyping array"
"2017-06-08"	28165464	"Law PJ"	"2017-02-06"	"Nat Commun"	"www.ncbi.nlm.nih.gov/pubmed/28165464"	"Genome-wide association analysis implicates dysregulation of immunity genes in chronic lymphocytic leukaemia."	"Chronic lymphocytic leukemia"	"4,478 European ancestry cases and 13,213 European ancestry controls."	"1,722 European ancestry cases and 4,385 European ancestry controls."	"15q21.3"	15	56485493	"RFX7, NEDD4"	"MNS1 - AC090518.1"	"ENSG00000138587"	"ENSG00000260392"	NA	20356	57459	"rs142215530-G"	"rs142215530"	0	142215530	"intergenic_variant"	1	NA	2e-18	17.698970004336	NA	1.39	"[1.29-1.5]"	"Affymetrix, Illumina [> 10000000] (imputed)"	"N"	"chronic lymphocytic leukemia"	"http://www.ebi.ac.uk/efo/EFO_0000095"	"GCST004146"	"Genome-wide genotyping array"
"2016-12-15"	26956414	"Berndt SI"	"2016-03-09"	"Nat Commun"	"www.ncbi.nlm.nih.gov/pubmed/26956414"	"Meta-analysis of genome-wide association studies discovers multiple loci for chronic lymphocytic leukemia."	"Chronic lymphocytic leukemia"	"3,100 European ancestry cases, 7,667 European ancestry controls"	"1,958 cases,  5,530 controls"	"15q21.3"	15	56488569	"MNS1, RFX7"	"MNS1 - AC090518.1"	"ENSG00000138587"	"ENSG00000260392"	NA	23432	54383	"rs72742684-T"	"rs72742684"	0	72742684	"intergenic_variant"	1	0.108	2e-13	12.698970004336	NA	1.43	"[1.30-1.58]"	"Affymetrix, Illumina [~ 8500000] (imputed)"	"N"	"chronic lymphocytic leukemia"	"http://www.ebi.ac.uk/efo/EFO_0000095"	"GCST003468"	"Genome-wide genotyping array"
"2016-12-15"	26956414	"Berndt SI"	"2016-03-09"	"Nat Commun"	"www.ncbi.nlm.nih.gov/pubmed/26956414"	"Meta-analysis of genome-wide association studies discovers multiple loci for chronic lymphocytic leukemia."	"Chronic lymphocytic leukemia"	"3,100 European ancestry cases, 7,667 European ancestry controls"	"1,958 cases,  5,530 controls"	"15q23"	15	69697166	"PCAT29"	"DRAIC"	NA	NA	"ENSG00000245750"	NA	NA	"rs2052702-A"	"rs2052702"	0	2052702	"non_coding_transcript_exon_variant"	0	0.386	4e-18	17.397940008672	NA	1.3157895	"[1.23-1.41]"	"Affymetrix, Illumina [~ 8500000] (imputed)"	"N"	"chronic lymphocytic leukemia"	"http://www.ebi.ac.uk/efo/EFO_0000095"	"GCST003468"	"Genome-wide genotyping array"
"2014-06-19"	24292274	"Speedy HE"	"2013-12-01"	"Nat Genet"	"www.ncbi.nlm.nih.gov/pubmed/24292274"	"A genome-wide association study identifies multiple susceptibility loci for chronic lymphocytic leukemia."	"Chronic lymphocytic leukemia"	"1,739 European ancestry cases, 5,199 European ancestry controls"	"1,144 European ancestry cases, 3,151 European ancestry controls"	"15q23"	15	69726651	"RPLP1"	"DRAIC"	NA	NA	"ENSG00000245750"	NA	NA	"rs7176508-A"	"rs7176508"	0	7176508	"intron_variant"	0	0.38	8e-18	17.0969100130081	NA	1.42	"[NR]"	"Illumina [450000] (imputed)"	"N"	"chronic lymphocytic leukemia"	"http://www.ebi.ac.uk/efo/EFO_0000095"	"GCST002299"	"Genome-wide genotyping array"
"2017-06-08"	28165464	"Law PJ"	"2017-02-06"	"Nat Commun"	"www.ncbi.nlm.nih.gov/pubmed/28165464"	"Genome-wide association analysis implicates dysregulation of immunity genes in chronic lymphocytic leukaemia."	"Chronic lymphocytic leukemia"	"4,478 European ancestry cases and 13,213 European ancestry controls."	"1,722 European ancestry cases and 4,385 European ancestry controls."	"15q23"	15	69728186	"RPLP1"	"DRAIC"	NA	NA	"ENSG00000245750"	NA	NA	"rs11637565-G"	"rs11637565"	0	11637565	"intron_variant"	0	NA	2e-31	30.698970004336	NA	1.35	"[1.28-1.42]"	"Affymetrix, Illumina [> 10000000] (imputed)"	"N"	"chronic lymphocytic leukemia"	"http://www.ebi.ac.uk/efo/EFO_0000095"	"GCST004146"	"Genome-wide genotyping array"
"2014-01-07"	23770605	"Berndt SI"	"2013-06-16"	"Nat Genet"	"www.ncbi.nlm.nih.gov/pubmed/23770605"	"Genome-wide association study identifies multiple risk loci for chronic lymphocytic leukemia."	"Chronic lymphocytic leukemia"	"2,179 European ancestry cases, 6,221 European ancestry controls"	"1,709 European ancestry cases, 6,318 European ancestry controls"	"16q24.1"	16	85894208	"IRF8"	"AC018695.7 - IRF8"	"ENSG00000279907"	"ENSG00000140968"	NA	32196	4954	"rs391023-G"	"rs391023"	0	391023	"regulatory_region_variant"	1	0.63	5e-17	16.301029995664	NA	1.33	"[NR]"	"Illumina [549934]"	"N"	"chronic lymphocytic leukemia"	"http://www.ebi.ac.uk/efo/EFO_0000095"	"GCST002073"	"Genome-wide genotyping array"
"2017-06-08"	28165464	"Law PJ"	"2017-02-06"	"Nat Commun"	"www.ncbi.nlm.nih.gov/pubmed/28165464"	"Genome-wide association analysis implicates dysregulation of immunity genes in chronic lymphocytic leukaemia."	"Chronic lymphocytic leukemia"	"4,478 European ancestry cases and 13,213 European ancestry controls."	"1,722 European ancestry cases and 4,385 European ancestry controls."	"16q24.1"	16	85895015	"IRF8"	"AC018695.7 - IRF8"	"ENSG00000279907"	"ENSG00000140968"	NA	33003	4147	"rs391855-A"	"rs391855"	0	391855	"intergenic_variant"	1	NA	1e-28	28	NA	1.34	"[1.27-1.41]"	"Affymetrix, Illumina [> 10000000] (imputed)"	"N"	"chronic lymphocytic leukemia"	"http://www.ebi.ac.uk/efo/EFO_0000095"	"GCST004146"	"Genome-wide genotyping array"
"2011-01-12"	21131588	"Slager SL"	"2010-12-03"	"Blood"	"www.ncbi.nlm.nih.gov/pubmed/21131588"	"Genome-wide association study identifies a novel susceptibility locus at 6p21.3 among familial CLL."	"Chronic lymphocytic leukemia"	"407 European ancestry cases, 296 European ancestry controls"	"252 European ancestry cases, 965 European ancestry controls"	"16q24.1"	16	85910833	"IRF8"	"IRF8"	NA	NA	"ENSG00000140968"	NA	NA	"rs391525-?"	"rs391525"	0	391525	"intron_variant"	0	0.66	3e-09	8.52287874528034	NA	1.56	"[1.35-1.82]"	"Affymetrix [827777]"	"N"	"chronic lymphocytic leukemia"	"http://www.ebi.ac.uk/efo/EFO_0000095"	"GCST000906"	"Genome-wide genotyping array"
"2014-06-19"	24292274	"Speedy HE"	"2013-12-01"	"Nat Genet"	"www.ncbi.nlm.nih.gov/pubmed/24292274"	"A genome-wide association study identifies multiple susceptibility loci for chronic lymphocytic leukemia."	"Chronic lymphocytic leukemia"	"1,739 European ancestry cases, 5,199 European ancestry controls"	"1,144 European ancestry cases, 3,151 European ancestry controls"	"16q24.1"	16	85922065	"IRF8"	"IRF8"	NA	NA	"ENSG00000140968"	NA	NA	"rs1044873-C"	"rs1044873"	0	1044873	"3_prime_UTR_variant"	0	0.61	1e-09	9	NA	1.29	"[NR]"	"Illumina [450000] (imputed)"	"N"	"chronic lymphocytic leukemia"	"http://www.ebi.ac.uk/efo/EFO_0000095"	"GCST002299"	"Genome-wide genotyping array"
"2012-08-07"	22700719	"Slager SL"	"2012-06-13"	"Blood"	"www.ncbi.nlm.nih.gov/pubmed/22700719"	"Common variation at 6p21.31 (BAK1) influences the risk of chronic lymphocytic leukemia."	"Chronic lymphocytic leukemia"	"1,121 European ancestry cases, 3,745 European ancestry controls"	"861 European ancestry cases, 2,033 European ancestry controls"	"16q24.1"	16	85942053	NA	"AC092723.5"	NA	NA	"ENSG00000285163"	NA	NA	"rs305061-?"	"rs305061"	0	305061	"intron_variant"	0	0.73	9e-08	7.04575749056067	NA	1.33	"[1.2-1.49]"	"Affymetrix, Illumina [~ 1500000] (imputed)"	"N"	"chronic lymphocytic leukemia"	"http://www.ebi.ac.uk/efo/EFO_0000095"	"GCST001570"	"Genome-wide genotyping array"
"2017-05-30"	28112199	"Law PJ"	"2017-01-23"	"Sci Rep"	"www.ncbi.nlm.nih.gov/pubmed/28112199"	"Genome-wide association analysis of chronic lymphocytic leukaemia, Hodgkin lymphoma and multiple myeloma identifies pleiotropic risk loci."	"B-cell malignancies (chronic lymphocytic leukemia, Hodgkin lymphoma or multiple myeloma) (pleiotropy)"	"1,842 European ancestry chronic lymphocytic leukemia cases, 1,465 European ancestry Hodgkin lymphoma cases, 3,790 European ancestry multiple myeloma cases, 7,324 European ancestry controls"	NA	"16q24.1"	16	85951755	"IRF8"	"AC092723.5 - AC092723.4"	"ENSG00000285163"	"ENSG00000285040"	NA	2931	11573	"rs4240807-C"	"rs4240807"	0	4240807	"intergenic_variant"	1	NA	7e-07	6.15490195998574	NA	NA	NA	"Illumina [10806625] (imputed)"	"N"	"Hodgkins lymphoma, multiple myeloma, chronic lymphocytic leukemia"	"http://www.ebi.ac.uk/efo/EFO_0000183, http://www.ebi.ac.uk/efo/EFO_0001378, http://www.ebi.ac.uk/efo/EFO_0000095"	"GCST004099"	"Genome-wide genotyping array"
"2017-06-08"	28165464	"Law PJ"	"2017-02-06"	"Nat Commun"	"www.ncbi.nlm.nih.gov/pubmed/28165464"	"Genome-wide association analysis implicates dysregulation of immunity genes in chronic lymphocytic leukaemia."	"Chronic lymphocytic leukemia"	"4,478 European ancestry cases and 13,213 European ancestry controls."	"1,722 European ancestry cases and 4,385 European ancestry controls."	"18q21.1"	18	50317164	"MBD1, CXXC1"	"AC105227.1 - AC105227.2"	"ENSG00000267695"	"ENSG00000274930"	NA	3569	1256	"rs1036935-A"	"rs1036935"	0	1036935	"intergenic_variant"	1	0.22	3e-08	7.52287874528034	NA	1.15	"[1.10-1.21]"	"Affymetrix, Illumina [> 10000000] (imputed)"	"N"	"chronic lymphocytic leukemia"	"http://www.ebi.ac.uk/efo/EFO_0000095"	"GCST004146"	"Genome-wide genotyping array"
"2014-01-07"	23770605	"Berndt SI"	"2013-06-16"	"Nat Genet"	"www.ncbi.nlm.nih.gov/pubmed/23770605"	"Genome-wide association study identifies multiple risk loci for chronic lymphocytic leukemia."	"Chronic lymphocytic leukemia"	"2,179 European ancestry cases, 6,221 European ancestry controls"	"1,709 European ancestry cases, 6,318 European ancestry controls"	"18q21.32"	18	59955055	"PMAIP1"	"AC107990.1 - NFE2L3P1"	"ENSG00000267066"	"ENSG00000267497"	NA	24725	14383	"rs4368253-C"	"rs4368253"	0	4368253	"TF_binding_site_variant"	1	0.69	3e-08	7.52287874528034	NA	1.19	"[1.12-1.27]"	"Illumina [549934]"	"N"	"chronic lymphocytic leukemia"	"http://www.ebi.ac.uk/efo/EFO_0000095"	"GCST002073"	"Genome-wide genotyping array"
"2017-06-08"	28165464	"Law PJ"	"2017-02-06"	"Nat Commun"	"www.ncbi.nlm.nih.gov/pubmed/28165464"	"Genome-wide association analysis implicates dysregulation of immunity genes in chronic lymphocytic leukaemia."	"Chronic lymphocytic leukemia"	"4,478 European ancestry cases and 13,213 European ancestry controls."	"1,722 European ancestry cases and 4,385 European ancestry controls."	"18q21.33"	18	63121512	"BCL2"	"PHLPP1 - BCL2"	"ENSG00000081913"	"ENSG00000171791"	NA	141079	1834	"rs77551289-A"	"rs77551289"	0	77551289	"intergenic_variant"	1	NA	2e-11	10.698970004336	NA	1.37	"[1.25-1.5]"	"Affymetrix, Illumina [> 10000000] (imputed)"	"N"	"chronic lymphocytic leukemia"	"http://www.ebi.ac.uk/efo/EFO_0000095"	"GCST004146"	"Genome-wide genotyping array"
"2016-12-15"	26956414	"Berndt SI"	"2016-03-09"	"Nat Commun"	"www.ncbi.nlm.nih.gov/pubmed/26956414"	"Meta-analysis of genome-wide association studies discovers multiple loci for chronic lymphocytic leukemia."	"Chronic lymphocytic leukemia"	"3,100 European ancestry cases, 7,667 European ancestry controls"	"1,958 cases,  5,530 controls"	"18q21.33"	18	63126261	"BCL2"	"BCL2"	NA	NA	"ENSG00000171791"	NA	NA	"rs4987856-C"	"rs4987856"	0	4987856	"3_prime_UTR_variant"	0	0.906	4e-11	10.397940008672	NA	1.4492754	"[1.3-1.61]"	"Affymetrix, Illumina [~ 8500000] (imputed)"	"N"	"chronic lymphocytic leukemia"	"http://www.ebi.ac.uk/efo/EFO_0000095"	"GCST003468"	"Genome-wide genotyping array"
"2014-01-07"	23770605	"Berndt SI"	"2013-06-16"	"Nat Genet"	"www.ncbi.nlm.nih.gov/pubmed/23770605"	"Genome-wide association study identifies multiple risk loci for chronic lymphocytic leukemia."	"Chronic lymphocytic leukemia"	"2,179 European ancestry cases, 6,221 European ancestry controls"	"1,709 European ancestry cases, 6,318 European ancestry controls"	"18q21.33"	18	63126316	"BCL2"	"BCL2"	NA	NA	"ENSG00000171791"	NA	NA	"rs4987855-G"	"rs4987855"	0	4987855	"3_prime_UTR_variant"	0	0.91	3e-12	11.5228787452803	NA	1.47	"[1.32-1.61]"	"Illumina [549934]"	"N"	"chronic lymphocytic leukemia"	"http://www.ebi.ac.uk/efo/EFO_0000095"	"GCST002073"	"Genome-wide genotyping array"
"2014-01-07"	23770605	"Berndt SI"	"2013-06-16"	"Nat Genet"	"www.ncbi.nlm.nih.gov/pubmed/23770605"	"Genome-wide association study identifies multiple risk loci for chronic lymphocytic leukemia."	"Chronic lymphocytic leukemia"	"2,179 European ancestry cases, 6,221 European ancestry controls"	"1,709 European ancestry cases, 6,318 European ancestry controls"	"18q21.33"	18	63126688	"BCL2"	"BCL2"	NA	NA	"ENSG00000171791"	NA	NA	"rs4987852-?"	"rs4987852"	0	4987852	"3_prime_UTR_variant"	0	NA	8e-11	10.0969100130081	NA	1.41	"[NR]"	"Illumina [549934]"	"N"	"chronic lymphocytic leukemia"	"http://www.ebi.ac.uk/efo/EFO_0000095"	"GCST002073"	"Genome-wide genotyping array"
"2017-06-08"	28165464	"Law PJ"	"2017-02-06"	"Nat Commun"	"www.ncbi.nlm.nih.gov/pubmed/28165464"	"Genome-wide association analysis implicates dysregulation of immunity genes in chronic lymphocytic leukaemia."	"Chronic lymphocytic leukemia"	"4,478 European ancestry cases and 13,213 European ancestry controls."	"1,722 European ancestry cases and 4,385 European ancestry controls."	"19p13.3"	19	4069121	"ZBTB7A, PIAS4, LRF"	"ZBTB7A - MAP2K2"	"ENSG00000178951"	"ENSG00000126934"	NA	2222	21200	"rs7254272-A"	"rs7254272"	0	7254272	"regulatory_region_variant"	1	0.18	5e-08	7.30102999566398	NA	1.17	"[1.10-1.23]"	"Affymetrix, Illumina [> 10000000] (imputed)"	"N"	"chronic lymphocytic leukemia"	"http://www.ebi.ac.uk/efo/EFO_0000095"	"GCST004146"	"Genome-wide genotyping array"
"2017-05-30"	28112199	"Law PJ"	"2017-01-23"	"Sci Rep"	"www.ncbi.nlm.nih.gov/pubmed/28112199"	"Genome-wide association analysis of chronic lymphocytic leukaemia, Hodgkin lymphoma and multiple myeloma identifies pleiotropic risk loci."	"B-cell malignancies (chronic lymphocytic leukemia, Hodgkin lymphoma or multiple myeloma) (pleiotropy)"	"1,842 European ancestry chronic lymphocytic leukemia cases, 1,465 European ancestry Hodgkin lymphoma cases, 3,790 European ancestry multiple myeloma cases, 7,324 European ancestry controls"	NA	"19p13.11"	19	16161878	NA	"CIB3"	NA	NA	"ENSG00000141977"	NA	NA	"rs73005220-G"	"rs73005220"	0	73005220	"intron_variant"	0	NA	1e-06	6	NA	NA	NA	"Illumina [10806625] (imputed)"	"N"	"Hodgkins lymphoma, multiple myeloma, chronic lymphocytic leukemia"	"http://www.ebi.ac.uk/efo/EFO_0000183, http://www.ebi.ac.uk/efo/EFO_0001378, http://www.ebi.ac.uk/efo/EFO_0000095"	"GCST004099"	"Genome-wide genotyping array"
"2017-06-08"	28165464	"Law PJ"	"2017-02-06"	"Nat Commun"	"www.ncbi.nlm.nih.gov/pubmed/28165464"	"Genome-wide association analysis implicates dysregulation of immunity genes in chronic lymphocytic leukaemia."	"Chronic lymphocytic leukemia"	"4,478 European ancestry cases and 13,213 European ancestry controls."	"1,722 European ancestry cases and 4,385 European ancestry controls."	"19q13.32"	19	46673495	"PRKD2, STRN4"	"DACT3-AS1"	NA	NA	"ENSG00000245598"	NA	NA	"rs874460-C"	"rs874460"	0	874460	"non_coding_transcript_exon_variant"	0	NA	3e-08	7.52287874528034	NA	1.24	"[1.15-1.34]"	"Affymetrix, Illumina [> 10000000] (imputed)"	"N"	"chronic lymphocytic leukemia"	"http://www.ebi.ac.uk/efo/EFO_0000095"	"GCST004146"	"Genome-wide genotyping array"
"2008-09-03"	18758461	"Di Bernardo MC"	"2008-08-31"	"Nat Genet"	"www.ncbi.nlm.nih.gov/pubmed/18758461"	"A genome-wide association study identifies six susceptibility loci for chronic lymphocytic leukemia."	"Chronic lymphocytic leukemia"	"505 European ancestry cases, 1,438 European ancestry controls"	"1,024 European ancestry cases, 1,677 European ancestry controls"	"19q13.32"	19	46704397	"PRKD2, STRN4"	"PRKD2"	NA	NA	"ENSG00000105287"	NA	NA	"rs11083846-A"	"rs11083846"	0	11083846	"splice_region_variant"	0	0.22	4e-09	8.39794000867204	NA	1.35	"[1.22-1.49]"	"Illumina [345665]"	"N"	"chronic lymphocytic leukemia"	"http://www.ebi.ac.uk/efo/EFO_0000095"	"GCST000224"	"Genome-wide genotyping array"
"2016-12-15"	26956414	"Berndt SI"	"2016-03-09"	"Nat Commun"	"www.ncbi.nlm.nih.gov/pubmed/26956414"	"Meta-analysis of genome-wide association studies discovers multiple loci for chronic lymphocytic leukemia."	"Chronic lymphocytic leukemia"	"3,100 European ancestry cases, 7,667 European ancestry controls"	"1,958 cases,  5,530 controls"	"20q13.32"	20	58831013	NA	"GNAS-AS1"	NA	NA	"ENSG00000235590"	NA	NA	"rs76473307-A"	"rs76473307"	0	76473307	"intron_variant"	0	0.97	7e-06	5.15490195998574	NA	1.4285715	"[1.22-1.67]"	"Affymetrix, Illumina [~ 8500000] (imputed)"	"N"	"chronic lymphocytic leukemia"	"http://www.ebi.ac.uk/efo/EFO_0000095"	"GCST003468"	"Genome-wide genotyping array"
"2017-05-30"	28112199	"Law PJ"	"2017-01-23"	"Sci Rep"	"www.ncbi.nlm.nih.gov/pubmed/28112199"	"Genome-wide association analysis of chronic lymphocytic leukaemia, Hodgkin lymphoma and multiple myeloma identifies pleiotropic risk loci."	"B-cell malignancies (chronic lymphocytic leukemia, Hodgkin lymphoma or multiple myeloma) (pleiotropy)"	"1,842 European ancestry chronic lymphocytic leukemia cases, 1,465 European ancestry Hodgkin lymphoma cases, 3,790 European ancestry multiple myeloma cases, 7,324 European ancestry controls"	NA	"22q13.33"	22	50511648	"NCAPH2"	"NCAPH2"	NA	NA	"ENSG00000025770"	NA	NA	"rs131821-AT"	"rs131821"	0	131821	"intron_variant"	0	NA	7e-08	7.15490195998574	NA	NA	NA	"Illumina [10806625] (imputed)"	"N"	"Hodgkins lymphoma, multiple myeloma, chronic lymphocytic leukemia"	"http://www.ebi.ac.uk/efo/EFO_0000183, http://www.ebi.ac.uk/efo/EFO_0001378, http://www.ebi.ac.uk/efo/EFO_0000095"	"GCST004099"	"Genome-wide genotyping array"
"2017-06-08"	28165464	"Law PJ"	"2017-02-06"	"Nat Commun"	"www.ncbi.nlm.nih.gov/pubmed/28165464"	"Genome-wide association analysis implicates dysregulation of immunity genes in chronic lymphocytic leukaemia."	"Chronic lymphocytic leukemia"	"4,478 European ancestry cases and 13,213 European ancestry controls."	"1,722 European ancestry cases and 4,385 European ancestry controls."	"22q13.33"	22	50532837	"SCO2, ODF3B, TYMP, NCAPH2"	"ODF3B - U62317.4"	"ENSG00000177989"	"ENSG00000273272"	NA	257	8271	"rs140522-T"	"rs140522"	0	140522	"regulatory_region_variant"	1	0.32	3e-09	8.52287874528034	NA	1.15	"[1.10-1.20]"	"Affymetrix, Illumina [> 10000000] (imputed)"	"N"	"chronic lymphocytic leukemia"	"http://www.ebi.ac.uk/efo/EFO_0000095"	"GCST004146"	"Genome-wide genotyping array"
